notifications_off	M160-200v-60h80v-304q0-33 8.25-65T273-690l45 45q-9 19-13.5 39.46T300-564v304h319L75-805l42-42 726 727-42 42-122-122H160Zm560-129-60-60v-175q0-75-52.5-127.5T480-744q-35.14 0-67.57 13Q380-718 356-693l-46-45q23-23 50.5-38t59.5-22v-22q0-25 17.5-42.5T480-880q25 0 42.5 17.5T540-820v22q81 17 130.5 83.5T720-564v235Zm-260-91Zm20 340q-33 0-56.5-23.5T400-160h160q0 33-23.5 56.5T480-80Zm28-461Z
notifications_paused	M378-340h205v-56H459l124-159v-56H378v56h123L378-396v56ZM160-200v-60h80v-304q0-84 49.5-150.5T420-798v-22q0-25 17.5-42.5T480-880q25 0 42.5 17.5T540-820v22q81 17 130.5 83.5T720-564v304h80v60H160Zm320-302Zm0 422q-33 0-56.5-23.5T400-160h160q0 33-23.5 56.5T480-80ZM300-260h360v-304q0-75-52.5-127.5T480-744q-75 0-127.5 52.5T300-564v304Z
notifications	M160-200v-60h80v-304q0-84 49.5-150.5T420-798v-22q0-25 17.5-42.5T480-880q25 0 42.5 17.5T540-820v22q81 17 130.5 83.5T720-564v304h80v60H160Zm320-302Zm0 422q-33 0-56.5-23.5T400-160h160q0 33-23.5 56.5T480-80ZM300-260h360v-304q0-75-52.5-127.5T480-744q-75 0-127.5 52.5T300-564v304Z
notifications_active	M120-566q0-90 40-165t107-125l36 48q-56 42-89.5 104.5T180-566h-60Zm660 0q0-75-33.5-137.5T657-808l36-48q67 50 107 125t40 165h-60ZM160-200v-60h80v-304q0-84 49.5-150.5T420-798v-22q0-25 17.5-42.5T480-880q25 0 42.5 17.5T540-820v22q81 17 130.5 83.5T720-564v304h80v60H160Zm320-302Zm0 422q-33 0-56.5-23.5T400-160h160q0 33-23.5 56.5T480-80ZM300-260h360v-304q0-75-52.5-127.5T480-744q-75 0-127.5 52.5T300-564v304Z
snooze	M383-331h193v-50H452l124-140v-49H383v50h126L383-378v47Zm-43.5 221q-65.5-28-114-76.5t-77-114Q120-366 120-440.73q0-74.74 28.5-140Q177-646 225.5-695t114-77Q405-800 479-800t139.5 28Q684-744 733-695t77 114.27q28 65.26 28 140 0 74.73-28 140.23-28 65.5-77 114T618.5-110Q553-82 479-82t-139.5-28ZM479-439ZM214-867l42 42L92-667l-42-42 164-158Zm530 0 164 158-42 42-164-158 42-42ZM479.04-142Q604-142 691-229.04q87-87.05 87-212Q778-566 690.96-653q-87.05-87-212-87Q354-740 267-652.96q-87 87.05-87 212Q180-316 267.04-229q87.05 87 212 87Z
do_not_disturb_on	M280-453h400v-60H280v60ZM480-80q-82 0-155-31.5t-127.5-86Q143-252 111.5-325T80-480q0-83 31.5-156t86-127Q252-817 325-848.5T480-880q83 0 156 31.5T763-763q54 54 85.5 127T880-480q0 82-31.5 155T763-197.5q-54 54.5-127 86T480-80Zm0-60q142 0 241-99.5T820-480q0-142-99-241t-241-99q-141 0-240.5 99T140-480q0 141 99.5 240.5T480-140Zm0-340Z
do_not_disturb_off	m593-453-60-60h147v60h-87Zm-172-60v60H280v-60h141ZM833-41 718-156q-50 36-110 56T480-80q-85 0-158-30.5T195-195q-54-54-84.5-127T80-480q0-68 20-128t56-110L26-848l43-43L876-84l-43 43Zm-353-99q54.64 0 103.82-15.5Q633-171 675-199L199-675q-28 42-43.5 91.18Q140-534.64 140-480q0 145 97.5 242.5T480-140Zm324-102-43-43q28.16-42.39 43.58-91.44Q820-425.5 820-480q0-145-97.5-242.5T480-820q-54.5 0-103.56 15.42Q327.39-789.16 285-761l-43-43q50-36 110-56t128-20q84 0 157 31t127 85q54 54 85 127t31 157q0 68-20 128t-56 110ZM523-523Zm-86 86Z
block	M324-111.5Q251-143 197-197t-85.5-127Q80-397 80-480t31.5-156Q143-709 197-763t127-85.5Q397-880 480-880t156 31.5Q709-817 763-763t85.5 127Q880-563 880-480t-31.5 156Q817-251 763-197t-127 85.5Q563-80 480-80t-156-31.5ZM480-140q61.01 0 117.51-20.5Q654-181 699-220L220-699q-38 46-59 102.17T140-480q0 142.37 98.81 241.19Q337.63-140 480-140Zm259-121q37-45 59-101.49 22-56.5 22-117.51 0-142.38-98.81-241.19T480-820q-60.66 0-116.83 21T261-739l478 478ZM480-480Z
volume_off	M813-56 681-188q-28 20-60.5 34.5T553-131v-62q23-7 44.5-15.5T638-231L473-397v237L273-360H113v-240h156L49-820l43-43 764 763-43 44Zm-36-232-43-43q20-34 29.5-71.92Q773-440.85 773-481q0-103.32-60-184.66T553-769v-62q124 28 202 125.5T833-481q0 51-14 100t-42 93ZM643-422l-90-90v-130q47 22 73.5 66t26.5 96q0 15-2.5 29.5T643-422ZM473-592 369-696l104-104v208Zm-60 286v-150l-84-84H173v120h126l114 114Zm-42-192Z
volume_mute	M280-360v-240h160l200-200v640L440-360H280Zm60-60h127l113 109v-337L467-540H340v120Zm119-60Z
bedtime	M484-80q-84 0-157.5-32t-128-86.5Q144-253 112-326.5T80-484q0-146 93-257.5T410-880q-18 98 11 192.63 29 94.64 100 165.74 71 71.1 165.5 100.14Q781-392.45 880-410.47q-26 144.2-138 237.34Q630-80 484-80Zm0-60q100 0 182-57t132-145q-90-8-173-41.5T478.5-480Q415-543 382-625.5T341-797q-88 48-144.5 130.5T140-484q0 143.33 100.33 243.67Q340.67-140 484-140Zm-6-340Z
bedtime_off	m751-182-45-45q28-24 50.5-53t41.5-62q-90-8-173-41.5T478-480q-63-63-96-145.5T341-797q-31.58 18.05-60.79 41.03Q251-733 227-706l-45-45q44-49 101.5-82.5T410-880q-18 98 11 192.5T521-522q71 71 165.5 100.5T880-410q-13 69-46.5 126.5T751-182Zm6 178L647-114q-38 17-78.71 25.5Q527.58-80 484-80q-84 0-157.5-32t-128-86.5Q144-253 112-326.5T80-484q0-43.58 8.5-84.29Q97-609 114-647L5-756l43-43L800-47 757-4ZM484-140q30 0 58.81-5.5Q571.63-151 599-162L162-599q-11 27-16.5 56.08Q140-513.83 140-484q0 143.33 100.33 243.67Q340.67-140 484-140ZM380-381Zm86-86Z
dark_mode	M480-120q-150 0-255-105T120-480q0-150 105-255t255-105q8 0 17 .5t23 1.5q-36 32-56 79t-20 99q0 90 63 153t153 63q52 0 99-18.5t79-51.5q1 12 1.5 19.5t.5 14.5q0 150-105 255T480-120Zm0-60q109 0 190-67.5T771-406q-25 11-53.67 16.5Q688.67-384 660-384q-114.69 0-195.34-80.66Q384-545.31 384-660q0-24 5-51.5t18-62.5q-98 27-162.5 109.5T180-480q0 125 87.5 212.5T480-180Zm-4-297Z
light_mode	M579-381q41-41 41-99t-41-99q-41-41-99-41t-99 41q-41 41-41 99t41 99q41 41 99 41t99-41Zm-240.5 42.5Q280-397 280-480t58.5-141.5Q397-680 480-680t141.5 58.5Q680-563 680-480t-58.5 141.5Q563-280 480-280t-141.5-58.5ZM200-450H40v-60h160v60Zm720 0H760v-60h160v60ZM450-760v-160h60v160h-60Zm0 720v-160h60v160h-60ZM262-658l-100-97 43-44 96 100-39 41Zm494 496-98-100 41-41 99 98-42 43Zm-99-537 98-99 44 42-99 98-43-41ZM162-205l99-98 42 42-98 99-43-43Zm318-275Z
sunny	M450-770v-150h60v150h-60Zm256 106-42-42 106-107 42 43-106 106Zm64 214v-60h150v60H770ZM450-40v-150h60v150h-60ZM253-665 148-770l42-42 106 106-43 41Zm518 517L664-254l41-41 108 104-42 43ZM40-450v-60h150v60H40Zm151 302-43-42 105-105 22 20 22 21-106 106Zm119-162q-70-70-70-170t70-170q70-70 170-70t170 70q70 70 70 170t-70 170q-70 70-170 70t-170-70Zm297.5-42.5Q660-405 660-480t-52.5-127.5Q555-660 480-660t-127.5 52.5Q300-555 300-480t52.5 127.5Q405-300 480-300t127.5-52.5ZM480-480Z
nightlight	M593-80q-88.11 0-166.56-32.5Q348-145 288.43-200.41q-59.57-55.41-94-129.62Q160-404.25 160-488.13q0-83.87 34.5-158.37t94-130q59.5-55.5 137.94-88Q504.89-897 593-897q47 0 88 10t79 27q-90 64-146 160t-56 211.5q0 115.5 56 212T760-117q-38 17-79 27t-88 10Zm0-60h26.42q12.58 0 20.58-1-66-74-104-162t-38-185q0-97 38-185t104-163q-8-1-20.58-1H593q-153 0-263 101.96t-110 247Q220-343 330-241.5T593-140Zm-95-349Z
cloud	M251-160q-88 0-149.5-61.5T40-371q0-78 50-137t127-71q20-97 94-158.5T482-799q112 0 189 81.5T748-522v24q72-2 122 46.5T920-329q0 69-50 119t-119 50H251Zm0-60h500q45 0 77-32t32-77q0-45-32-77t-77-32h-63v-84q0-91-61-154t-149-63q-88 0-149.5 63T267-522h-19q-62 0-105 43.5T100-371q0 63 44 107t107 44Zm229-260Z
cloud_off	M818-56 703-171H248q-88 0-148-59T40-377q0-80 50.5-134T217-577q2-14 6.5-31.5T236-640L70-806l42-42L861-99l-43 43ZM248-231h397L285-591q-11 15-14.5 34t-3.5 37h-19q-62 0-105 39.5t-43 101q0 61.5 43 105T248-231Zm216-181Zm390 210-47-47q25-17 39-38t14-50q0-43-31-73.5T755-441h-67v-81q0-88-61-147.5T478.47-729q-28.47 0-60.97 9T358-691l-42-42q36-29 77.5-42.5T478-789q111 0 190.5 79T748-520v21q72-1 122 45t50 117q0 35-16.5 73.5T854-202ZM583-470Z
air	M465-160q-54 0-85.5-28T348-273h68q0 26 11.5 39.5T465-220q27 0 38.5-12t11.5-41q0-29-11.5-42.5T465-329H80v-60h385q54 0 82 28t28 88q0 57-28 85t-82 28ZM80-568v-60h548q37 0 54-17.5t17-58.5q0-41-17-58.5T628-780q-38 0-55 20.5T556-708h-60q0-58 35-95t97-37q61 0 96 35.5T759-704q0 65-35 100.5T628-568H80Zm672 330v-60q35 0 51.5-19.5T820-374q0-38-18.5-55T748-446H80v-60h668q62 0 97 35t35 97q0 64-33 100t-95 36Z
water_drop	M479-208q16 0 24.5-5.5T512-230q0-11-8.5-17t-25.5-6q-42 0-85.5-26.5T337-373q-2-9-9-14.5t-15-5.5q-11 0-17 8.5t-4 17.5q15 84 71 121.5T479-208Zm-227.5 34Q160-268 160-408q0-100 79.5-217.5T480-880q161 137 240.5 254.5T800-408q0 140-91.5 234T480-80q-137 0-228.5-94ZM666-216.5Q740-293 740-408q0-79-66.5-179.5T480-800Q353-688 286.5-587.5T220-408q0 115 74 191.5T480-140q112 0 186-76.5ZM480-480Z
bolt	m393-165 279-335H492l36-286-253 366h154l-36 255Zm-73 85 40-280H160l360-520h80l-40 320h240L400-80h-80Zm154-396Z
local_fire_department	M220-400q0 63 28.5 118.5T328-189q-4-12-6-24.5t-2-24.5q0-32 12-60t35-51l113-111 113 111q23 23 35 51t12 60q0 12-2 24.5t-6 24.5q51-37 79.5-92.5T740-400q0-54-23-105.5T651-600q-21 15-44 23.5t-46 8.5q-61 0-101-41.5T420-714v-20q-46 33-83 73t-63 83.5q-26 43.5-40 89T220-400Zm260 24-71 70q-14 14-21.5 31t-7.5 37q0 41 29 69.5t71 28.5q42 0 71-28.5t29-69.5q0-20-7.5-37T551-306l-71-70Zm0-464v132q0 34 23.5 57t57.5 23q18 0 33.5-7.5T622-658l18-22q74 42 117 117t43 163q0 134-93 227T480-80q-134 0-227-93t-93-227q0-128 86-246.5T480-840Z
eco	M213-175q-43.59-45-68.3-104Q120-338 120-400q0-73 25.5-133.5T222-645q35-35 87-59t122.5-37.5Q502-755 591-758.5t198 3.5q8 108 5.5 197.5t-16 160.75q-13.5 71.25-38 124.56Q716-218.87 680-183q-51 51-110 77T444-80q-69 0-126.5-23.5T213-175Zm103 0q25 17 58 26t69.92 9Q497-140 547-162t91-64q27-27 46-70.5t31-103Q727-459 731-534t0-165q-94-2-168.5 2.5T431-680q-57 12-98 30.5T266-604q-42 43-64 91t-22 98q0 48 20.5 100.5T251-230q53-98 127-176t157-123q-87 75-141 162.5T316-175Zm0 0Zm0 0Z
park	M538-80H423v-149H120l189-274h-95l266-377 266 377h-94l188 274H538v149ZM236-289h189-90 290-89 189-489Zm0 0h489L536-563h89L480-769 335-563h90L236-289Z
forest	M303-80v-149H0l189-274H94l266-377 120 170 120-170 266 377h-94l188 274H658v149H543v-149H418v149H303Zm377-209h165L656-563h89L600-769l-80 115 106 151h-94l148 214Zm-564 0h489L416-563h89L360-769 215-563h90L116-289Zm0 0h189-90 290-89 189-489Zm564 0H532h94-106 225-89 189-165Zm-137 60h115-115Zm178 0Z
grass	M80-160v-60h240q-20-91-87.5-159.5T80-470q20-5 39.5-7.5T160-480q134 0 227 93t93 227H80Zm460 0q0-42-8-73.5T512-296q40-88 120-136t168-48q21 0 40.5 2.5T880-470q-85 22-154 91.5T640-220h240v60H540Zm-58-193q-9-76 13-142t64.5-115Q602-659 662-688t127-31q-56 35-105.5 95.5T621-494q-44 21-80 58.5T482-353Zm-61-76q-16-15-35-30t-32-23q3-12 4.5-26.5T360-532q0-76-24-144t-68-124q70 28 124 88.5T468-573q-18 32-30.5 69.5T421-429Z
local_florist	M480.5-600q20.5 0 35-15t14.5-35.5q0-20.5-14.37-35Q501.25-700 480-700q-20 0-35 14.37-15 14.38-15 35.63 0 20 15 35t35.5 15Zm-66.16 198.5Q385-423 371-458q-6 0-12.5.5t-12.5.5q-47.87 0-81.94-34.06Q230-525.13 230-573q0-20 8-39.5t23-37.5q-14-18-22-37.5t-8-39.06Q231-775 264.58-809T346-843q6 0 12.5.5t12.5.5q14-35 43.34-56.5Q443.68-920 480-920q36.32 0 65.66 21.5Q575-877 589-842q6 0 12.5-.5t12.5-.5q47.84 0 81.42 34.06Q729-774.87 729-727q0 20-7.5 39.5T699-650q14 18 22 37.5t8 39.06Q729-525 695.42-491T614-457q-6 0-12.5-.5T589-458q-14 35-43.34 56.5Q516.32-380 480-380q-36.32 0-65.66-21.5ZM480-80q0-70 30-135t80-115q50-50 115-80t135-30q0 70-30 135t-80 115q-50 50-115 80T480-80Zm75-75q80-26 133-79t79-133q-80 26-133 79.5T555-155Zm-75 75q0-70-30-135t-80-115q-50-50-115-80t-135-30q0 70 30 135t80 115q50 50 115 80t135 30Zm-75-75q-80-26-133-79t-79-133q80 26 133 79.5T405-155Zm150 0Zm-150 0Zm209.2-362q22.8 0 39.3-16.42 16.5-16.43 16.5-39.55 0-17.03-9-29.53T637-623l-47-23q-2 14-6 26.5t-10.04 23.62q-6.04 11.12-14.5 21T540-557l42.38 29.81Q589-522 596.8-519.5t17.4 2.5ZM590-654l47-23q15-8 23.5-21.24 8.5-13.24 8.5-28.89 0-22.87-15.89-39.37Q637.22-783 614-783q-9 0-16.67 2.5-7.66 2.5-15.33 7.5l-44 30q11 8 20 17.6 9 9.6 15 20.4 7 11 11 23.5t6 27.5Zm-159-94q14-6 26.5-9t22.5-3q10 0 22.5 3t26.5 9l7-62q2-21-16-35.5T480.5-860q-21.5 0-40 14.77Q422-830.45 424-810l7 62Zm49.5 308q21.5 0 39.5-14.5t16-35.5l-7-62q-14 6-26.5 9t-22.5 3q-10 0-22.5-3t-26.5-9l-7 62q-2 20.45 16.5 35.23Q459-440 480.5-440ZM370-654q2-15 6-27.5t10.04-23.35q6.04-10.86 14.5-20.5Q409-735 420-743l-42.38-29.81Q371-778 363.2-780.5t-17.4-2.5q-22.8 0-39.3 16.47-16.5 16.48-16.5 39.67 0 15.86 9 28.86t24 21l47 23Zm-24 136q9 0 16.5-2.5T378-528l44-29q-11-8-20-17.65-9-9.64-15-20.5-6-10.85-10.4-23.98-4.4-13.12-6.6-26.87l-47 23q-15 8-23.5 21.24-8.5 13.24-8.5 28.89Q292-550 307.34-534q15.34 16 38.66 16Zm228-78Zm-1-109Zm-93-55Zm0 220Zm-94-165Zm1 110Z
pets	M169.86-485Q132-485 106-511.14t-26-64Q80-613 106.14-639t64-26Q208-665 234-638.86t26 64Q260-537 233.86-511t-64 26ZM291-681.14q-26-26.14-26-64T291.14-809q26.14-26 64-26T419-808.86q26 26.14 26 64T418.86-681q-26.14 26-64 26T291-681.14Zm250 0q-26-26.14-26-64T541.14-809q26.14-26 64-26T669-808.86q26 26.14 26 64T668.86-681q-26.14 26-64 26T541-681.14ZM789.86-485Q752-485 726-511.14t-26-64Q700-613 726.14-639t64-26Q828-665 854-638.86t26 64Q880-537 853.86-511t-64 26ZM266-75q-42 0-69-31.53-27-31.52-27-74.47 0-42 25.5-74.5T250-318q22-22 41-46.5t36-50.5q29-44 65-82t88-38q52 0 88.5 38t65.5 83q17 26 35.5 50t40.5 46q29 30 54.5 62.5T790-181q0 42.95-27 74.47Q736-75 694-75q-54 0-107-9t-107-9q-54 0-107 9t-107 9Z
cruelty_free	M380-80q-75 0-127.5-52.5T200-260q0-32 14.5-60.5T263-383q15-15 24-25t19-22q-51-78-78.5-163.5T200-760q0-58 21-89t59-31q42 0 87 41t79 109q10 20 18.5 41.5T480-641q7-26 15.5-47.5T514-730q34-68 79-109t87-41q38 0 59 31t21 89q0 81-27.5 166.5T654-430q10 12 19 22t24 25q34 34 48.5 62.5T760-260q0 75-52.5 127.5T580-80q-45 0-72.5-10L480-100l-27.5 10Q425-80 380-80Zm0-60q17 0 40-5.5t49-16.5q-11-5-20-17t-9-21q0-8 11.5-14t28.5-6q17 0 28.5 6t11.5 14q0 9-9 21t-20 17q26 11 49 16.5t40 5.5q50 0 85-35t35-85q0-22-12-43t-35-41q-11-10-24.5-24T604-396q-32-42-55-53t-69-11q-46 0-69 11t-55 53q-11 14-24.5 28T307-344q-23 20-35 41t-12 43q0 50 35 85t85 35Zm40-150q-8 0-14-9t-6-21q0-12 6-21t14-9q8 0 14 9t6 21q0 12-6 21t-14 9Zm120 0q-8 0-14-9t-6-21q0-12 6-21t14-9q8 0 14 9t6 21q0 12-6 21t-14 9ZM347-477q21-20 41.5-29.5T439-519q-5-51-17-99.5T391-705q-23-47-53-78.5T275-826q-8 15-11.5 32t-3.5 34q0 72 22.5 144.5T347-477Zm266 0q42-66 64.5-138.5T700-760q0-17-3.5-34T685-826q-33 11-63 42.5T569-705q-19 38-31 86.5T521-519q30 3 50.5 12.5T613-477Z
emoji_nature	m723-611-38 34q-11 10-28 11.5t-31-8.5q-14-10-16.5-27t1.5-30l17-58-43-24q-14-8-18-22.5t1-30.5q5-16 17-24t29-8h49l15-45q5-15 16.5-26.5T723-881q17 0 28.5 11.5T768-843l15 45h49q15 0 28 8.5t18 23.5q5 14 1 29.5T860-713l-43 24 17 58q5 14 2.5 30.5T820-574q-14 9-31 8t-28-11l-38-34Zm28.5-71.5Q763-694 763-711t-11.5-28.5Q740-751 723-751t-28.5 11.5Q683-728 683-711t11.5 28.5Q706-671 723-671t28.5-11.5ZM529-231q22 54-15.5 102.5T415-80q-32 0-58-15.5T316-143q-67 7-122-47.5T143-312q-30-16-46.5-48.5T80-422q0-67 47-99.5t113-3.5l60 24q17-37 49.5-57.5T421-581v-86h49v90q41 8 72 43t38 67h90v50h-86q-3 39-23 71.5T504-296l25 65Zm-231 29q-3-27 2-55.5t15-55.5q-27 14-55.5 17t-57.5-1q2 33 33 64t63 31Zm-74-153q40 0 84.5-21.5T368-408l-142-58q-25-11-55.5 2.5T140-424q0 26 33.5 47.5T224-355Zm191 215q31 0 49.5-20.5T472-209l-60-155q-18 29-36 61.5T358-220q0 20 14.5 50t42.5 30Zm65-212q26-15 35-36t9-45q0-35-25.5-60.5T438-519q-24 0-46.5 11T358-472l87 34 35 86Zm-165 39Z
flutter_dash	M295-320q-3-4 19.5-31.5T366-410q33-37 77-82 12-18 33-18t35 16q12 16 9 36.5T498-428q-55 33-98 58-38 21-70 37.5T295-320ZM430-40q-5 0-10-2t-8-7q-4-6-8-16.5T400-90q0-9 1-16.5t3-15.5q-27-5-45.5-27T340-200q0-4 3-21-74-26-119.5-83T165-451q-5 5-11 8t-14 3q-15 0-37.5-22.5T80-560q0-69 40.5-124.5T200-740q13 0 16.5 11.5T220-706q38-54 95.5-89T442-838q6-29 29-45.5t49-16.5v40q4-6 10-10 5-4 12.5-7t17.5-3q10 0 17.5 3t12.5 7q6 4 10 10-15 0-25 9t-13 22q54 14 100 46t78 77q0-11 3.5-22.5T760-740q39 0 79.5 55.5T880-560q0 75-22.5 97.5T820-440q-7 0-13.5-2.5T795-450q-14 100-68.5 159.5T582-211q3 14 13.5 22.5T620-180h23q7 0 12 4t7 10q5 16 17.5 30t23.5 23q8 7 7.5 16.5T702-82q-11 8-28 14t-44 8q-5 0-10-2t-8-7q-4-6-8-16.5t-4-24.5q0-9 1-16.5t3-15.5q-24-5-40.5-22T542-204q-15 2-30 3t-32 1q-26 0-50.5-2.5T382-210l-2 10q0 17 11.5 28.5T420-160h23q7 0 12 4t7 10q5 16 17.5 30T503-93q8 7 7.5 16.5T502-62q-11 8-28 14t-44 8Zm320-391q5-20 7.5-42t2.5-47q0-116-82-198t-198-82q-116 0-198 82t-82 198q0 24 2.5 46t7.5 42q5-20 13.5-39.5T243-508q-6-14-9.5-29.5T230-570q0-63 43.5-106.5T380-720q29 0 54.5 10.5T480-681q20-18 45.5-28.5T580-720q63 0 106.5 43.5T730-570q0 17-3.5 32.5T716-508q11 17 20 36.5t14 40.5ZM480-240q87 0 146.5-27t92.5-81q0-3 .5-6t.5-6q0-30-7-58t-21-53q-21 23-49.5 37T580-420q-8 0-16-1t-16-3q5-7 7.5-14.5T559-454q1-2 1-4v-4q5 1 10 1.5t10 .5q46 0 78-32t32-78q0-46-32-78t-78-32q-20 0-39 7.5T507-651l-27 24-27-24q-15-14-34-21.5t-39-7.5q-46 0-78 32t-32 78q0 41 25.5 70.5T359-462l-30 33q-18-7-33.5-17.5T268-471q-14 25-21 53t-7 58v10q34 54 94 82t146 28Zm57.5-280.5Q520-541 520-570t17.5-49.5Q555-640 580-640t42.5 20.5Q640-599 640-570t-17.5 49.5Q605-500 580-500t-42.5-20.5ZM595-590q7 0 11-4.5t4-10.5q0-6-4.5-10.5T595-620q-7 0-11 4.5t-4 10.5q0 7 4.5 11t10.5 4Zm-257.5 69.5Q320-541 320-570t17.5-49.5Q355-640 380-640t42.5 20.5Q440-599 440-570t-17.5 49.5Q405-500 380-500t-42.5-20.5ZM395-590q7 0 11-4.5t4-10.5q0-6-4.5-10.5T395-620q-7 0-11 4.5t-4 10.5q0 7 4.5 11t10.5 4Z
landscape	m40-240 240-320 195 260h325L560-619 435-453l-38-50 163-217 360 480H40Zm510-60Zm-390 0h240L280-460 160-300Zm0 0h240-240Z
filter_drama	M251-160q-88 0-149.5-61.5T40-371q0-81 50.5-137.5T217-579q18-94 92.5-157.5T481-800q111 0 189 81.5T748-522v24q75 0 123.5 48.5T920-329q0 69-50 119t-119 50H251Zm0-60h500q45 0 77-32t32-77q0-45-32-77t-77-32h-63v-84q0-88-59.5-153T481-740q-70 0-129 43.5T275-580q80 11 132 64t52 136h-60q0-63-44-102.5T248-522q-63 0-105.5 44T100-371q0 63 44 107t107 44Z
rainy	M558-83q-11 5-23.5 1T517-97l-69-138q-5-11-1.5-23.5T461-276q11-5 23.5-1t17.5 15l69 138q5 11 1.5 23.5T558-83Zm240-1q-11 5-23.5 1T757-98l-69-138q-5-11-1.5-23.5T701-277q11-5 23.5-1t17.5 15l69 138q5 11 1.5 23.5T798-84Zm-480 0q-11 5-23.5 1.5T277-97l-69-138q-5-11-1-23.5t15-17.5q11-5 23.5-1.5T263-263l69 139q5 11 1 23t-15 17Zm-28-256q-87 0-148.5-61.5T80-550q0-79 56.5-141T277-759q32-56 84.5-88.5T480-880q91 0 152.5 57.5T708-680q79 4 125.5 53.5T880-510q0 70-49.5 120T710-340H290Zm0-60h420q46 0 78-32.5t32-77.5q0-46-32-78t-78-32h-60v-30q0-71-49.5-120.5T480-820q-51 0-93.5 27.5T324-718l-8 18h-28q-62 2-105 45.5T140-550q0 62 44 106t106 44Zm190-210Z
ac_unit	M450-80v-195L301-126l-43-42 192-192v-90h-90L172-262l-44-41 147-147H80v-60h195L125-660l43-43 192 193h90v-91L262-789l42-44 146 147v-194h60v194l150-150 42 43-192 192v91h91l189-189 43 42-147 147h194v60H686l148 149-41 43-192-192h-91v90l192 193-41 43-151-151v195h-60Z
thermostat	M523-580v-60h230v60H523Zm0-120v-60h320v60H523ZM167-174.24Q114-227.47 114-303q0-48 24-90.5t66-68.5v-286q0-38.33 26.76-65.17 26.77-26.83 65-26.83Q334-840 361-813.17q27 26.84 27 65.17v286q42 26 66 68.5t24 90.5q0 75.53-53 128.76Q372-121 296-121t-129-53.24ZM174-303h244q0-40-19-71.5T348-420l-20-9v-319q0-13.6-9.2-22.8-9.2-9.2-22.8-9.2-13.6 0-22.8 9.2-9.2 9.2-9.2 22.8v319l-20 9q-32 14-51 46t-19 71Z
star	m323-245 157-94 157 95-42-178 138-120-182-16-71-168-71 167-182 16 138 120-42 178Zm-90 125 65-281L80-590l288-25 112-265 112 265 288 25-218 189 65 281-247-149-247 149Zm247-355Z
kid_star	M306.84-700.82 424-853q11-14 25.59-21 14.58-7 30.5-7 15.91 0 30.41 7t25.5 21l117.16 152.18L831-641q23 8 36 27.11t13 42.22q0 10.67-3.03 21.3-3.04 10.63-9.97 20.37L753-367l4 173q0 31-21 52.5T685.82-120q-1.82 0-18.82-3l-187-52-186.78 51.92Q288-121 282.49-120.5q-5.51.5-10.1.5-29.39 0-49.89-21.69Q202-163.37 203-195l4-173.25L93-531q-6.93-9.83-9.97-20.55Q80-562.28 80-573q0-23 12.92-41.61Q105.84-633.21 129-641l177.84-59.82ZM343-649l-209 70 134 194-5 207 217-60 217 61-5-208 134-192-209-72-137-178-137 178Zm137 147Z
celebration	m80-80 186-520 337 333L80-80Zm101-101 314-112-203-204-111 316Zm376-264-34-34 240-240q32-32 81-32.5t81 31.5l17 17-34 34-19-19q-19-19-44-19.5T800-688L557-445ZM398-600l-34-34 30-30q23-23 21.5-52.5T394-766l-28-28 34-34 26 26q35 35 34.5 87.5T425-627l-27 27Zm81 77-34-34 152-152q19-19 18.5-48.5T596-806l-61-61 34-34 63 63q31 32 32 80.5T633-677L479-523Zm158 159-34-34 47-47q35-35 84-36t84 34l51 51-34 34-52-52q-23-23-48-23t-48 23l-50 50ZM181-181Z
cake	M160-80q-17 0-28.5-11.5T120-120v-219q0-24.75 17.63-42.38Q155.25-399 180-399h27v-182q0-24.75 17.63-42.38Q242.25-641 267-641h183v-64q-20-14-30.5-30.53-10.5-16.54-10.5-39.88 0-14.59 5.5-28.09T430-827l50-53 50 53q10 10 16 23.5t6 28.09q0 23.34-11 39.88Q530-719 510-705v64h183q24.75 0 42.38 17.62Q753-605.75 753-581v182h27q24.75 0 42.38 17.62Q840-363.75 840-339v219q0 17-11.5 28.5T800-80H160Zm107-319h426v-182H267v182Zm-87 259h600v-199H180v199Zm87-259h426-426Zm-87 259h600-600Zm600-259H180h600Z
trophy	M298-120v-60h152v-148q-54-11-96-46.5T296-463q-74-8-125-60t-51-125v-44q0-25 17.5-42.5T180-752h104v-88h392v88h104q25 0 42.5 17.5T840-692v44q0 73-51 125t-125 60q-16 53-58 88.5T510-328v148h152v60H298Zm-14-406v-166H180v44q0 45 29.5 78.5T284-526Zm292.5 101q39.5-40 39.5-97v-258H344v258q0 57 39.5 97t96.5 40q57 0 96.5-40ZM676-526q45-10 74.5-43.5T780-648v-44H676v166Zm-196-57Z
workspace_premium	m385-412 36-115-95-74h116l38-119 37 119h117l-95 74 35 115-94-71-95 71ZM244-40v-304q-45-47-64.5-103T160-560q0-136 92-228t228-92q136 0 228 92t92 228q0 57-19.5 113T716-344v304l-236-79-236 79Zm420.5-335.5Q740-451 740-560t-75.5-184.5Q589-820 480-820t-184.5 75.5Q220-669 220-560t75.5 184.5Q371-300 480-300t184.5-75.5ZM304-124l176-55 176 55v-171q-40 29-86 42t-90 13q-44 0-90-13t-86-42v171Zm176-86Z
military_tech	M280-880h400v333q0 23-11.32 42.15Q657.37-485.7 637-474l-141 82 26 97h134l-109 81 42 134-109-81-110 81 42-134-109-81h135.11L463-392l-140-82q-20.37-11.7-31.68-30.85Q280-524 280-547v-333Zm60 60v273q0 7 4.5 13t13.5 11l96 53v-350H340Zm280 0H514v350l88-53q9-5 13.5-11t4.5-13v-273ZM484-637Zm-30-8Zm60 0Z
diamond	M480-120 80-600l120-240h560l120 240-400 480ZM368-630h224l-75-150h-74l-75 150Zm82 381v-321H183l267 321Zm60 0 267-321H510v321Zm149-381h136l-75-150H584l75 150Zm-494 0h136l75-150H240l-75 150Z
favorite	m480-121-41-37q-105.77-97.12-174.88-167.56Q195-396 154-451.5T96.5-552Q80-597 80-643q0-90.15 60.5-150.58Q201-854 290-854q57 0 105.5 27t84.5 78q42-54 89-79.5T670-854q89 0 149.5 60.42Q880-733.15 880-643q0 46-16.5 91T806-451.5Q765-396 695.88-325.56 626.77-255.12 521-158l-41 37Zm0-79q101.24-93 166.62-159.5Q712-426 750.5-476t54-89.14q15.5-39.13 15.5-77.72 0-66.14-42-108.64T670.22-794q-51.52 0-95.37 31.5T504-674h-49q-26-56-69.85-88-43.85-32-95.37-32Q224-794 182-751.5t-42 108.82q0 38.68 15.5 78.18 15.5 39.5 54 90T314-358q66 66 166 158Zm0-297Z
thumb_up	M716-120H272v-512l278-288 39 31q6 5 9 14t3 22v10l-45 211h299q24 0 42 18t18 42v81.84q0 7.16 1.5 14.66T915-461L789-171q-8.88 21.25-29.59 36.12Q738.69-120 716-120Zm-384-60h397l126-299v-93H482l53-249-203 214v427Zm0-427v427-427Zm-60-25v60H139v392h133v60H79v-512h193Z
thumb_down	M242-840h444v512L408-40l-39-31q-6-5-9-14t-3-22v-10l45-211H103q-24 0-42-18t-18-42v-81.84q0-7.16-1.5-14.66T43-499l126-290q8.88-21.25 29.59-36.13Q219.31-840 242-840Zm384 60H229L103-481v93h373l-53 249 203-214v-427Zm0 427v-427 427Zm60 25v-60h133v-392H686v-60h193v512H686Z
sentiment_satisfied	M626-533q23 0 38.5-15.5T680-587q0-23-15.5-38.5T626-641q-23 0-38.5 15.5T572-587q0 23 15.5 38.5T626-533Zm-292 0q23 0 38.5-15.5T388-587q0-23-15.5-38.5T334-641q-23 0-38.5 15.5T280-587q0 23 15.5 38.5T334-533Zm267.5 236.5Q657-332 682-393h-52q-23 40-63 61.5T481-310q-47 0-87.5-21T331-393h-53q26 61 81 96.5T480-261q66 0 121.5-35.5ZM324-111.5Q251-143 197-197t-85.5-127Q80-397 80-480t31.5-156Q143-709 197-763t127-85.5Q397-880 480-880t156 31.5Q709-817 763-763t85.5 127Q880-563 880-480t-31.5 156Q817-251 763-197t-127 85.5Q563-80 480-80t-156-31.5ZM480-480Zm241 241q99-99 99-241t-99-241q-99-99-241-99t-241 99q-99 99-99 241t99 241q99 99 241 99t241-99Z
sentiment_very_satisfied	M601.5-296.5Q657-332 682-393H278q26 61 81 96.5T480-261q66 0 121.5-35.5ZM302-533l45-45 45 45 36-36-81-81-81 81 36 36Zm267 0 45-45 45 45 36-36-81-81-81 81 36 36ZM324-111.5Q251-143 197-197t-85.5-127Q80-397 80-480t31.5-156Q143-709 197-763t127-85.5Q397-880 480-880t156 31.5Q709-817 763-763t85.5 127Q880-563 880-480t-31.5 156Q817-251 763-197t-127 85.5Q563-80 480-80t-156-31.5ZM480-480Zm241 241q99-99 99-241t-99-241q-99-99-241-99t-241 99q-99 99-99 241t99 241q99 99 241 99t241-99Z
sentiment_neutral	M626-533q22.5 0 38.25-15.5T680-587q0-23-15.75-38.5T626-641q-22.5 0-38.25 15.5T572-587q0 23 15.75 38.5T626-533Zm-292 0q22.5 0 38.25-15.5T388-587q0-23-15.75-38.5T334-641q-22.5 0-38.25 15.5T280-587q0 23 15.75 38.5T334-533Zm20 194h253v-49H354v49Zm-30 227.5Q251-143 197-197t-85.5-127Q80-397 80-480t31.5-156Q143-709 197-763t127-85.5Q397-880 480-880t156 31.5Q709-817 763-763t85.5 127Q880-563 880-480t-31.5 156Q817-251 763-197t-127 85.5Q563-80 480-80t-156-31.5ZM480-480Zm241 241q99-99 99-241t-99-241q-99-99-241-99t-241 99q-99 99-99 241t99 241q99 99 241 99t241-99Z
sentiment_dissatisfied	M626-533q23 0 38.5-15.5T680-587q0-23-15.5-38.5T626-641q-23 0-38.5 15.5T572-587q0 23 15.5 38.5T626-533Zm-292 0q23 0 38.5-15.5T388-587q0-23-15.5-38.5T334-641q-23 0-38.5 15.5T280-587q0 23 15.5 38.5T334-533Zm24.5 153.5Q304-342 278-280h53q22-42 62-65t88-23q47 0 86.5 23.5T630-280h52q-25-63-80-100t-122-37q-67 0-121.5 37.5Zm-34.5 268Q251-143 197-197t-85.5-127Q80-397 80-480t31.5-156Q143-709 197-763t127-85.5Q397-880 480-880t156 31.5Q709-817 763-763t85.5 127Q880-563 880-480t-31.5 156Q817-251 763-197t-127 85.5Q563-80 480-80t-156-31.5ZM480-480Zm241 241q99-99 99-241t-99-241q-99-99-241-99t-241 99q-99 99-99 241t99 241q99 99 241 99t241-99Z
sentiment_content	M360-340h240v-60H360v60Zm-20-280q-32 0-59.5 18T235-556l50 33q10-15 24-25.5t31-10.5q17 0 31 10.5t24 24.5l50-33q-18-27-45.5-45T340-620Zm280 0q-32 0-59.5 18T515-556l50 33q10-14 24-24.5t31-10.5q17 0 31.5 10t23.5 25l50-33q-18-28-45.5-46T620-620ZM324-111.5Q251-143 197-197t-85.5-127Q80-397 80-480t31.5-156Q143-709 197-763t127-85.5Q397-880 480-880t156 31.5Q709-817 763-763t85.5 127Q880-563 880-480t-31.5 156Q817-251 763-197t-127 85.5Q563-80 480-80t-156-31.5ZM480-480Zm241 241q99-99 99-241t-99-241q-99-99-241-99t-241 99q-99 99-99 241t99 241q99 99 241 99t241-99Z
sentiment_calm	M410-510.5q28-30.5 39-72.5l-58-14q-5 22-17.5 39.5T340-540q-21 0-33.5-17.5T289-597l-58 14q11 42 39 72.5t70 30.5q42 0 70-30.5ZM480-260q39 0 75-17.5t67-52.5l-44-40q-22 24-47 36.5T480-321q-26 0-51-12.5T382-370l-44 40q32 35 67.5 52.5T480-260Zm210-250.5q28-30.5 39-72.5l-58-14q-5 22-17.5 39.5T620-540q-21 0-33.5-17.5T569-597l-58 14q11 42 39 72.5t70 30.5q42 0 70-30.5Zm-366 399Q251-143 197-197t-85.5-127Q80-397 80-480t31.5-156Q143-709 197-763t127-85.5Q397-880 480-880t156 31.5Q709-817 763-763t85.5 127Q880-563 880-480t-31.5 156Q817-251 763-197t-127 85.5Q563-80 480-80t-156-31.5ZM480-480Zm241 241q99-99 99-241t-99-241q-99-99-241-99t-241 99q-99 99-99 241t99 241q99 99 241 99t241-99Z
mood	M626-533q23 0 38.5-15.5T680-587q0-23-15.5-38.5T626-641q-23 0-38.5 15.5T572-587q0 23 15.5 38.5T626-533Zm-292 0q23 0 38.5-15.5T388-587q0-23-15.5-38.5T334-641q-23 0-38.5 15.5T280-587q0 23 15.5 38.5T334-533Zm267.5 236.5Q657-332 682-393H278q26 61 81 96.5T480-261q66 0 121.5-35.5ZM324-111.5Q251-143 197-197t-85.5-127Q80-397 80-480t31.5-156Q143-709 197-763t127-85.5Q397-880 480-880t156 31.5Q709-817 763-763t85.5 127Q880-563 880-480t-31.5 156Q817-251 763-197t-127 85.5Q563-80 480-80t-156-31.5ZM480-480Zm241 241q99-99 99-241t-99-241q-99-99-241-99t-241 99q-99 99-99 241t99 241q99 99 241 99t241-99Z
mood_bad	M626-533q23 0 38.5-15.5T680-587q0-23-15.5-38.5T626-641q-23 0-38.5 15.5T572-587q0 23 15.5 38.5T626-533Zm-292 0q23 0 38.5-15.5T388-587q0-23-15.5-38.5T334-641q-23 0-38.5 15.5T280-587q0 23 15.5 38.5T334-533Zm24.5 153.5Q304-342 278-280h404q-25-63-80-100t-122-37q-67 0-121.5 37.5Zm-34.5 268Q251-143 197-197t-85.5-127Q80-397 80-480t31.5-156Q143-709 197-763t127-85.5Q397-880 480-880t156 31.5Q709-817 763-763t85.5 127Q880-563 880-480t-31.5 156Q817-251 763-197t-127 85.5Q563-80 480-80t-156-31.5ZM480-480Zm241 241q99-99 99-241t-99-241q-99-99-241-99t-241 99q-99 99-99 241t99 241q99 99 241 99t241-99Z
self_improvement	M261-160q-26 0-43-17t-17-43q0-18 9-34.5t26-23.5l172-68v-138q-66 81-134 122t-154 41v-60q68 0 124-31.5T345-501l58-65q10-12 23.5-20t29.5-8h48q16 0 30 8t24 20l58 65q48 55 102 87.5T840-381v60q-85 0-153.5-41T552-484v138l172 68q17 7 26 23.5t9 34.5q0 26-17 43t-43 17H396v-11q0-26 16-42t42-16h133q8 0 14-6t6-14q0-8-6-14t-14-6H454q-44 0-70 27t-26 71v11h-97Zm167.5-515.5Q407-697 407-727t21.5-51.5Q450-800 480-800t51.5 21.5Q553-757 553-727t-21.5 51.5Q510-654 480-654t-51.5-21.5Z
spa	M480-80q-72-8-143.5-41.5t-128.5-93q-57-59.5-92.5-147T80-564.98V-603h38q53 0 113 20.5T337-530q8-90 48-185.5T480-879q55 68 95 163.5T623-530q46-30 106-51.5T842-603h38v38.02Q880-449 844.5-361.5 809-274 752-214.5t-128.5 93Q552-88 480-80Zm8-61q-11-186-107.39-282.18Q284.21-519.37 141-542q13 193 112.5 288T488-141Zm-9-245q14-26 38.5-56t47.5-50q5-68-20-138t-65-145q-40 75-65 145t-20 138q23 20 46.5 50t37.5 56Zm69 228q47-17 93.5-45t84-73q37.5-45 63-110.5T819-542q-106 17-187 75.5T513-322q12 38 21 76.5t14 87.5Zm-69-228Zm69 228Zm-60 17Zm25-181ZM480-80Z
psychiatry	M450-130v-309h-20q-64 0-120.5-24.5T209-533q-44-45-66.5-104T120-760v-80h78.32Q260-840 317-815.5 374-791 419-746q33 34 54.5 76t30.5 89q7.65-11.9 16.82-22.95Q530-615 540-626q45-45 102-69.5T761.67-720H840v80q0 64-23.98 123T748-413q-45 45-101.56 69T528-320h-18v190h-60Zm1-370q0-61-20-113.5t-55-89q-35-36.5-86-57T180-780q0 63 18.5 115.5T252-575q42 45 90.5 60T451-500Zm59 120q60 0 111-19.5t86-56q35-36.5 54-89T780-660q-60 0-111 20.5T583-583q-43 45-58 94t-15 109Zm0 0Zm-59-120Z
face	M315.5-398.73q-15.5-15.72-15.5-38.5 0-22.77 15.73-38.27 15.72-15.5 38.5-15.5 22.77 0 38.27 15.73 15.5 15.72 15.5 38.5 0 22.77-15.73 38.27-15.72 15.5-38.5 15.5-22.77 0-38.27-15.73Zm253 0q-15.5-15.72-15.5-38.5 0-22.77 15.73-38.27 15.72-15.5 38.5-15.5 22.77 0 38.27 15.73 15.5 15.72 15.5 38.5 0 22.77-15.73 38.27-15.72 15.5-38.5 15.5-22.77 0-38.27-15.73ZM480-140q142.38 0 241.19-98.95T820-480.47q0-25.53-4-50.53t-10-46q-20 5-43.26 7-23.26 2-48.74 2-97.11 0-183.56-40Q444-648 383-722q-34 81-97.5 141.5T140-487v7q0 142.37 98.81 241.19Q337.63-140 480-140Zm0 60q-83 0-156-31.5T197-197q-54-54-85.5-127T80-480q0-83 31.5-156T197-763q54-54 127-85.5T480-880q83 0 156 31.5T763-763q54 54 85.5 127T880-480q0 83-31.5 156T763-197q-54 54-127 85.5T480-80Zm-92-727q88 103 162.5 141T714-628q24 0 38-1t31-6q-45-81-122.5-133T480-820q-27 0-51 4t-41 9ZM149-558q48-18 109.5-81.5T346-793q-87 39-131.5 99.5T149-558Zm239-249Zm-42 14Z
smart_toy	M147-376q-45 0-76-31.21T40-483q0-44.58 31.21-75.79Q102.42-590 147-590v-123q0-24 18-42t42-18h166q0-45 31-76t76-31q45 0 76 31.21T587-773h166q24 0 42 18t18 42v123q45 0 76 31.21T920-483q0 44.58-31.21 75.79Q857.58-376 813-376v196q0 24-18 42t-42 18H207q-24 0-42-18t-18-42v-196Zm224.5-111.74q11.5-11.73 11.5-28.5 0-16.76-11.74-28.26-11.73-11.5-28.5-11.5-16.76 0-28.26 11.74-11.5 11.73-11.5 28.5 0 16.76 11.74 28.26 11.73 11.5 28.5 11.5 16.76 0 28.26-11.74Zm274 0q11.5-11.73 11.5-28.5 0-16.76-11.74-28.26-11.73-11.5-28.5-11.5-16.76 0-28.26 11.74-11.5 11.73-11.5 28.5 0 16.76 11.74 28.26 11.73 11.5 28.5 11.5 16.76 0 28.26-11.74ZM312-285h336v-60H312v60ZM207-180h546v-533H207v533Zm273-267Z
sports_esports	M147-200q-38 0-59.5-25.5T72-296l48-335q8-53 49.5-91t94.5-38h433q53 0 94.5 38t49.5 91l47 335q6 45-15.5 70.5T813-200q-23 0-39-7.5T747-226L643-330H317L213-226q-11 11-27 18.5t-39 7.5Zm18-64 126-126h378l126 126q5 5 18 9 9 0 13.5-9t2.5-18l-48-339q-5-35-29.5-57T697-700H263q-30 0-54.5 22T179-621l-48 339q-2 9 2.5 18t13.5 9q7 0 18-9Zm563-188q12-12 12-28t-12-28q-12-12-28-12t-28 12q-12 12-12 28t12 28q12 12 28 12t28-12Zm-85-130q12-12 12-28t-12-28q-12-12-28-12t-28 12q-12 12-12 28t12 28q12 12 28 12t28-12ZM300-445h50v-75h75v-50h-75v-75h-50v75h-75v50h75v75Zm180-33Z
rocket	m220-168 106-43q-13-38-22.5-77T287-367l-67 45v154Zm166-52h188q22-59 34-117.5T620-440q0-115-33-202T480-807q-74 78-107 165t-33 202q0 44 12 102.5T386-220Zm44.5-250.5Q410-491 410-520t20.5-49.5Q451-590 480-590t49.5 20.5Q550-549 550-520t-20.5 49.5Q509-450 480-450t-49.5-20.5ZM740-168v-154l-67-45q-7 40-16.5 79T634-211l106 43ZM480-889q102 90 151 199.5T680-440v5l93 63q13 8 20 21t7 28v243l-200-80H360L160-80v-243q0-15 7-28t20-21l93-63v-5q0-140 49-249.5T480-889Z
rocket_launch	m187-551 106 45q18-36 38.5-71t43.5-67l-79-16-109 109Zm154 81 133 133q57-26 107-59t81-64q81-81 119-166t41-192q-107 3-192 41T464-658q-31 31-64 81t-59 107Zm209-145.5q0-29.5 20-49.5t49.5-20q29.5 0 49.5 20t20 49.5q0 29.5-20 49.5t-49.5 20q-29.5 0-49.5-20t-20-49.5Zm5 432.5 109-109-16-79q-32 23-67 43.5T510-289l45 106Zm326-694q9 136-34 248T705-418l-2 2-2 2 22 110q3 15-1.5 29T706-250L535-78l-85-198-170-170-198-85 172-171q11-11 25-15.5t29-1.5l110 22q1-1 2-1.5t2-1.5q99-99 211-142.5T881-877ZM149-325q35-35 85.5-35.5T320-326q35 35 34.5 85.5T319-155q-26 26-80.5 43T75-80q15-109 31.5-164t42.5-81Zm42 43q-14 15-25 47t-19 82q50-8 82-19t47-25q19-17 19.5-42.5T278-284q-19-18-44.5-17.5T191-282Z
flight	M285-80v-83l124-86v-172L80-288v-102l329-231v-188q0-29 21-50t50-21q29 0 50 21t21 50v188l329 231v102L551-421v172l123 86v83l-194-59-195 59Z
directions_bike	M194.95-80Q114-80 57-137.05q-57-57.06-57-138Q0-356 57.05-413q57.06-57 138-57Q276-470 333-412.95q57 57.06 57 138Q390-194 332.95-137q-57.06 57-138 57ZM291-179q39-39 39-96t-39-96q-39-39-96-39t-96 39q-39 39-39 96t39 96q39 39 96 39t96-39Zm159-27v-200L315-525q-11-9-16-21.84-5-12.83-5-27 0-14.16 5.5-26.16t15.5-22l119-119q11-11 24.59-16t28.5-5q14.91 0 28.41 5t24.5 16l78 78q30 30 68.25 48T767-597v60q-55.22 0-105.11-22T573-620l-40-40-111 112 88 95v247h-60Zm117.5-569.42q-21.5-21.42-21.5-51.5t21.42-51.58q21.42-21.5 51.5-21.5t51.58 21.42q21.5 21.42 21.5 51.5t-21.42 51.58q-21.42 21.5-51.5 21.5t-51.58-21.42ZM764.95-80Q684-80 627-137.05q-57-57.06-57-138Q570-356 627.05-413q57.06-57 138-57Q846-470 903-412.95q57 57.06 57 138Q960-194 902.95-137q-57.06 57-138 57ZM861-179q39-39 39-96t-39-96q-39-39-96-39t-96 39q-39 39-39 96t39 96q39 39 96 39t96-39Z
directions_run	M535-40v-239l-108-99-42 188-265-55 11-56 199 40 73-369-100 47v134h-60v-175l164-69q32-14 45.5-17.5T480-714q20 0 35.5 8.5T542-680l42 67q26 42 71 73t105 31v60q-67 0-119.5-31T543-573l-39 158 91 84v291h-60Zm-46.5-735.5Q467-797 467-827t21.5-51.5Q510-900 540-900t51.5 21.5Q613-857 613-827t-21.5 51.5Q570-754 540-754t-51.5-21.5Z
coffee	M442-242q-116 0-199-80t-83-195v-263q0-25 17.5-42.5T220-840h529q54 0 92.5 37t38.5 91q0 60-37 106t-94 46h-25v43q0 115-83 195t-199 80ZM220-620h444v-160H220v160Zm222 318q91 0 156.5-62T664-517v-43H220v43q0 91 65.5 153T442-302Zm282-318h25q33 0 52-28.5t19-63.5q0-29-21-48.5T749-780h-25v160ZM160-120v-60h640v60H160Zm282-440Z
local_cafe	M160-120v-60h640v60H160Zm151-140q-63 0-107-43.5T160-410v-430h660q24.75 0 42.38 17.62Q880-804.75 880-780v160q0 24.75-17.62 42.37Q844.75-560 820-560h-96v150q0 63-44 106.5T573-260H311Zm0-60h261.98q36.02 0 63.52-27.5T664-410v-370H220v370q0 35 28 62.5t63 27.5Zm413-300h96v-160h-96v160ZM311-320h-91 444-353Z
icecream	M479-40 298-408q-69 12-123.5-30T120-555q0-45 27.5-88t80.5-58q16-99 88.5-159T480-920q91 0 163 60t89 159q53 15 80.5 58t27.5 88q0 75-56.5 117T664-408L479-40ZM266-465q18 0 34-5t25-14l26-27 23 20q25 17 54.5 21.5T483-465q25 0 51-4.5t51-21.5l24-20 25 27q9 9 25.5 14t33.5 5q34 0 60.5-27.5T780-555q0-31-19-54t-54-29l-35-5-2-39q-11-79-61.5-128.5T480-860q-78 0-129 49.5T290-682l-3 39-35 8q-30 8-51 28.5T180-555q0 35 26.5 62.5T266-465Zm213 289 128-252-6-6q-28 15-60.5 22t-57.5 7q-32 0-65-7t-58-22l-6 5 125 253Zm1-486Z
lunch_dining	M140-120q-24.75 0-42.37-17.63Q80-155.25 80-180v-128h800v128q0 24.75-17.62 42.37Q844.75-120 820-120H140Zm0-128v68h680v-68H140Zm279.5-156Q400-382 346-382t-71.5-22Q257-426 216-426t-61.36 22Q134.29-382 80-382v-60q33 0 57.5-22t78.5-22q54 0 71.5 22t58.5 22q41 0 60.5-22t73.5-22q54 0 73.5 22t60.5 22q41 0 58.5-22t71.5-22q54 0 78.5 22t57.5 22v60q-54 0-74.5-22T744-426q-41 0-58.5 22T614-382q-54 0-73.5-22T480-426q-41 0-60.5 22ZM80-558v-40q0-109 105-175.5T480-840q190 0 295 66.5T880-598v40H80Zm400-222q-148 0-242.5 46.5T142-618h676q-3-69-96.5-115.5T480-780Zm0 532Zm0-370Z
music_note	M286.5-163.5Q243-207 243-270t43.5-106.5Q330-420 393-420q28 0 50.5 8t39.5 22v-450h234v135H543v435q0 63-43.5 106.5T393-120q-63 0-106.5-43.5Z
headphones	M328-120H180q-24 0-42-18t-18-42v-300q0-75 28.5-140.5t77-114q48.5-48.5 114-77T480-840q75 0 140.5 28.5t114 77q48.5 48.5 77 114T840-480v300q0 24-18 42t-42 18H632v-296h148v-64q0-125.36-87.5-212.68Q605-780 480-780t-212.5 87.32Q180-605.36 180-480v64h148v296Zm-60-236h-88v176h88v-176Zm424 0v176h88v-176h-88Zm-424 0h-88 88Zm424 0h88-88Z
mic_off	m686-361-43-43q21-26 31-58.5t10-66.5h60q0 46-15 89t-43 79ZM461-586Zm97 97-53-52v-238q0-17-12-29t-29-12q-17 0-29 12t-12 29v155l-60-60v-95q0-42 29.5-71.5T464-880q42 0 71.5 29.5T565-779v250q0 8-1.5 20t-5.5 20ZM434-120v-136q-106-11-178-89t-72-184h60q0 91 64.5 153T464-314q38 0 73-12.5t64-34.5l43 43q-31 26-69 41.5T494-256v136h-60Zm397 65L36-850l38-38L869-93l-38 38Z
piano	M180-120q-24 0-42-18t-18-42v-600q0-23 18-41.5t42-18.5h600q23 0 41.5 18.5T840-780v600q0 24-18.5 42T780-120H180Zm0-60h157v-210h-20q-12.75 0-21.37-8.63Q287-407.25 287-420v-360H180v600Zm443 0h157v-600H673v360q0 12.75-8.62 21.37Q655.75-390 643-390h-20v210Zm-246 0h206v-210h-20q-12.75 0-21.37-8.63Q533-407.25 533-420v-360H427v360q0 12.75-8.62 21.37Q409.75-390 397-390h-20v210Z
palette	M480-80q-82 0-155-31.5t-127.5-86Q143-252 111.5-325T80-480q0-85 32-158t87.5-127q55.5-54 130-84.5T489-880q79 0 150 26.5T763.5-780q53.5 47 85 111.5T880-527q0 108-63 170.5T650-294h-75q-18 0-31 14t-13 31q0 27 14.5 46t14.5 44q0 38-21 58.5T480-80Zm0-400Zm-198 11q15-15 15-35t-15-35q-15-15-35-15t-35 15q-15 15-15 35t15 35q15 15 35 15t35-15Zm126-170q15-15 15-35t-15-35q-15-15-35-15t-35 15q-15 15-15 35t15 35q15 15 35 15t35-15Zm214 0q15-15 15-35t-15-35q-15-15-35-15t-35 15q-15 15-15 35t15 35q15 15 35 15t35-15Zm131 170q15-15 15-35t-15-35q-15-15-35-15t-35 15q-15 15-15 35t15 35q15 15 35 15t35-15ZM480-140q11 0 15.5-4.5T500-159q0-14-14.5-26T471-238q0-46 30-81t76-35h73q76 0 123-44.5T820-527q0-132-100-212.5T489-820q-146 0-247.5 98.5T140-480q0 141 99.5 240.5T480-140Z
brush	M215-117q-33.83 0-66.92-11.5Q115-140 90-166q35-12 50-35t15-62q0-43.75 30.68-74.38Q216.35-368 260.18-368q43.82 0 74.32 30.62Q365-306.75 365-263q0 64-43.5 105T215-117Zm0-60q35 0 62.5-25t27.5-61q0-20-12.5-32.5T260-308q-20 0-32.5 12.5T215-263q0 39-8.5 57.5T175-183q6 1 20 3.5t20 2.5Zm230-177-90-95 376-376q14-14 31-14.5t32 14.5l29 29q15 15 14.5 32.5T823-732L445-354Zm-185 91Z
draw	M160-120v-128l571-571q11-11 22.5-16t24.5-5q12 0 23.5 5t22.5 16l35 35q11 10 16 21.5t5 24.5q0 12-5 24t-16 23L288-120H160Zm60-60h44l446-446-22-22-22-22-446 446v44Zm601-557-44-44 44 44Zm-133 89-22-22 44 44-22-22ZM560-120q78 0 139-36.5T760-260q0-40-29.5-73.5T638-386l-47 47q50 12 79.5 34t29.5 45q0 32-40.5 56T560-180q-12 0-21 8.5t-9 21.5q0 12 9 21t21 9ZM240-414l48-48q-54-13-81-27.5T180-520q0-16 21.5-30.5T290-590q83-31 111.5-59.5T430-719q0-56-41-88.5T280-840q-42 0-76 14.5T153-789q-8 9-7.5 21t11.5 20q10 8 22.5 6.5T200-751q15-15 34-22t46-7q46 0 68 18t22 43q0 20-19 35t-85 39q-94 34-120 62t-26 63q0 32 28 62t92 44Z
menu_book	M560-574v-48q33-14 67.5-21t72.5-7q26 0 51 4t49 10v44q-24-9-48.5-13.5T700-610q-38 0-73 9.5T560-574Zm0 220v-49q33-13.5 67.5-20.25T700-430q26 0 51 4t49 10v44q-24-9-48.5-13.5T700-390q-38 0-73 9t-67 27Zm0-110v-48q33-14 67.5-21t72.5-7q26 0 51 4t49 10v44q-24-9-48.5-13.5T700-500q-38 0-73 9.5T560-464ZM248-300q53.57 0 104.28 12.5Q403-275 452-250v-427q-45-30-97.62-46.5Q301.76-740 248-740q-38 0-74.5 9.5T100-707v434q31-14 70.5-20.5T248-300Zm264 50q50-25 98-37.5T712-300q38 0 78.5 6t69.5 16v-429q-34-17-71.82-25-37.82-8-76.18-8-54 0-104.5 16.5T512-677v427Zm-30 90q-51-38-111-58.5T248-239q-36.54 0-71.77 9T106-208q-23.1 11-44.55-3Q40-225 40-251v-463q0-15 7-27.5T68-761q42-20 87.39-29.5 45.4-9.5 92.61-9.5 63 0 122.5 17T482-731q51-35 109.5-52T712-800q46.87 0 91.93 9.5Q849-781 891-761q14 7 21.5 19.5T920-714v463q0 27.89-22.5 42.45Q875-194 853-208q-34-14-69.23-22.5Q748.54-239 712-239q-63 0-121 21t-109 58ZM276-489Z
auto_stories	M480-160q-48-38-104-59t-116-21q-42 0-82.5 11T100-198q-21 11-40.5-1T40-234v-482q0-11 5.5-21T62-752q46-24 96-36t102-12q58 0 113.5 15T480-740v506q51-33 107-49.5T700-300q36 0 78.5 7t81.5 29v-505q9.89 3.75 19.44 7.87Q889-757 898-752q10 6 16 15.68 6 9.67 6 20.32v482q0 23-19.5 35t-40.5 1q-37-20-77.5-31T700-240q-60 0-116 21t-104 59Zm60-167v-353l260-260v387L540-327Zm-120 63v-439q-34-19-79-28t-81-9q-47 0-87.5 10T100-704.47V-264q35-17 75.5-26.5t85-9.5q44.5 0 84.5 9.5t75 26.5Zm0 0v-439 439Z
school	M479-120 189-279v-240L40-600l439-240 441 240v317h-60v-282l-91 46v240L479-120Zm0-308 315-172-315-169-313 169 313 172Zm0 240 230-127v-168L479-360 249-485v170l230 127Zm1-240Zm-1 74Zm0 0Z
science	M172-120q-41.78 0-59.39-39T124-230l248-280v-270h-52q-12.75 0-21.37-8.68-8.63-8.67-8.63-21.5 0-12.82 8.63-21.32 8.62-8.5 21.37-8.5h320q12.75 0 21.38 8.68 8.62 8.67 8.62 21.5 0 12.82-8.62 21.32-8.63 8.5-21.38 8.5h-52v270l248 280q29 32 11.39 71T788-120H172Zm-12-60h640L528-488v-292h-96v292L160-180Zm318-300Z
biotech	M200-120v-60h208v-104h-15q-81 0-137-56t-56-137q0-61 35-111t92-70q4-40 35-65t72-22l-21-59 41-14.56L440-856l66-24 14 37 40-14 113 295-43 15 14 37-64 23-14-37-43 16-25-68q-15 17-35.5 24.5t-43.83 6.5Q393-546 371-561t-35-38q-35 17-55.5 49.97Q260-516.07 260-477q0 55.42 38.79 94.21Q337.58-344 393-344h347v60H508v104h252v60H200Zm356-452 53-19-80-206-53 19 80 206Zm-94.5-37.32q14.5-14.33 14.5-35.5 0-21.18-14.32-35.68-14.33-14.5-35.5-14.5-21.18 0-35.68 14.32-14.5 14.33-14.5 35.5 0 21.18 14.32 35.68 14.33 14.5 35.5 14.5 21.18 0 35.68-14.32ZM556-572Zm-130-75Zm2 0Z
lightbulb	M422.5-103.5Q399-127 399-161h162q0 34-23.5 57.5T480-80q-34 0-57.5-23.5ZM318-223v-60h324v60H318Zm5-121q-66-43-104.5-107.5T180-597q0-122 89-211t211-89q122 0 211 89t89 211q0 81-38 145.5T637-344H323Zm22-60h271q48-32 76-83t28-110q0-99-70.5-169.5T480-837q-99 0-169.5 70.5T240-597q0 59 28 110t77 83Zm135 0Z
bug_report	M480-180q72 0 123-50.5T654-353v-167q0-72-51-122.5T480-693q-72 0-123 50.5T306-520v167q0 72 51 122.5T480-180Zm-80-140h160v-60H400v60Zm0-173h160v-60H400v60Zm80.5 57h-.5.5-.5.5-.5.5-.5.5Zm-.5 316q-65 0-121-31t-83-89H160v-60h92q-7-26-7-52.5V-406h-85v-60h85q0-29 .5-57.5T254-580h-94v-60h120q14-28 37-49t51-35l-77-76 40-40 94 94q28-10 56.5-10t56.5 10l94-94 40 40-76 76q28 14 49.5 35.5T683-640h117v60h-94q9 28 8.5 56.5T714-466h86v60h-86q0 27 .5 53.5T708-300h92v60H685q-26 59-82.5 89.5T480-120Z
terminal	M140-160q-24 0-42-18t-18-42v-520q0-24 18-42t42-18h680q24 0 42 18t18 42v520q0 24-18 42t-42 18H140Zm0-60h680v-436H140v436Zm160-72-42-42 103-104-104-104 43-42 146 146-146 146Zm190 4v-60h220v60H490Z
code	M320-242 80-482l242-242 43 43-199 199 197 197-43 43Zm318 2-43-43 199-199-197-197 43-43 240 240-242 242Z
memory	M377-377v-205h205v205H377Zm60-60h85v-85h-85v85Zm-77 317v-80H260q-24 0-42-18t-18-42v-100h-80v-60h80v-124h-80v-60h80v-100q0-24 18-42t42-18h100v-76h60v76h124v-76h60v76h100q24 0 42 18t18 42v100h76v60h-76v124h76v60h-76v100q0 24-18 42t-42 18H604v80h-60v-80H420v80h-60Zm344-140v-444H260v444h444ZM480-480Z
lock	M220-80q-24.75 0-42.37-17.63Q160-115.25 160-140v-434q0-24.75 17.63-42.38Q195.25-634 220-634h70v-96q0-78.85 55.61-134.42Q401.21-920 480.11-920q78.89 0 134.39 55.58Q670-808.85 670-730v96h70q24.75 0 42.38 17.62Q800-598.75 800-574v434q0 24.75-17.62 42.37Q764.75-80 740-80H220Zm0-60h520v-434H220v434Zm314.5-162.03Q557-324.06 557-355q0-30-22.67-54.5t-54.5-24.5q-31.83 0-54.33 24.5t-22.5 55q0 30.5 22.67 52.5t54.5 22q31.83 0 54.33-22.03ZM350-634h260v-96q0-54.17-37.88-92.08-37.88-37.92-92-37.92T388-822.08q-38 37.91-38 92.08v96ZM220-140v-434 434Z
lock_open	M220-634h390v-96q0-54.17-37.88-92.08-37.88-37.92-92-37.92T388-822.08q-38 37.91-38 92.08h-60q0-79 55.61-134.5 55.6-55.5 134.5-55.5 78.89 0 134.39 55.58Q670-808.85 670-730v96h70q24.75 0 42.38 17.62Q800-598.75 800-574v434q0 24.75-17.62 42.37Q764.75-80 740-80H220q-24.75 0-42.37-17.63Q160-115.25 160-140v-434q0-24.75 17.63-42.38Q195.25-634 220-634Zm0 494h520v-434H220v434Zm314.5-162.03Q557-324.06 557-355q0-30-22.67-54.5t-54.5-24.5q-31.83 0-54.33 24.5t-22.5 55q0 30.5 22.67 52.5t54.5 22q31.83 0 54.33-22.03ZM220-140v-434 434Z
key	M232-432q-20-20-20-48t20-48q20-20 48-20t48 20q20 20 20 48t-20 48q-20 20-48 20t-48-20Zm48 192q-100 0-170-70T40-480q0-100 70-170t170-70q72 0 126 34t85 103h356l113 113-167 153-88-64-88 64-75-60h-51q-25 60-78.5 98.5T280-240Zm0-60q58 0 107-38.5t63-98.5h114l54 45 88-63 82 62 85-79-51-51H450q-12-56-60-96.5T280-660q-75 0-127.5 52.5T100-480q0 75 52.5 127.5T280-300Z
shield	M480-81q-140-35-230-162.5T160-523v-238l320-120 320 120v238q0 152-90 279.5T480-81Zm0-62q115-38 187.5-143.5T740-523v-196l-260-98-260 98v196q0 131 72.5 236.5T480-143Zm0-337Z
verified_user	m436-347 228-228-42-41-183 183-101-101-44 44 142 143Zm44 266q-140-35-230-162.5T160-523v-238l320-120 320 120v238q0 152-90 279.5T480-81Zm0-62q115-38 187.5-143.5T740-523v-196l-260-98-260 98v196q0 131 72.5 236.5T480-143Zm0-337Z
check	M378-246 154-470l43-43 181 181 384-384 43 43-427 427Z
check_circle	m421-298 283-283-46-45-237 237-120-120-45 45 165 166Zm59 218q-82 0-155-31.5t-127.5-86Q143-252 111.5-325T80-480q0-83 31.5-156t86-127Q252-817 325-848.5T480-880q83 0 156 31.5T763-763q54 54 85.5 127T880-480q0 82-31.5 155T763-197.5q-54 54.5-127 86T480-80Zm0-60q142 0 241-99.5T820-480q0-142-99-241t-241-99q-141 0-240.5 99T140-480q0 141 99.5 240.5T480-140Zm0-340Z
task_alt	M480-80q-85 0-158-30.5T195-195q-54-54-84.5-127T80-480q0-84 30.5-157T195-764q54-54 127-85t158-31q75 0 140 24t117 66l-43 43q-44-35-98-54t-116-19q-145 0-242.5 97.5T140-480q0 145 97.5 242.5T480-140q145 0 242.5-97.5T820-480q0-30-4.5-58.5T802-594l46-46q16 37 24 77t8 83q0 85-31 158t-85 127q-54 54-127 84.5T480-80Zm-59-218L256-464l45-45 120 120 414-414 46 45-460 460Z
done_all	M294-242 70-466l43-43 181 181 43 43-43 43Zm170 0L240-466l43-43 181 181 384-384 43 43-427 427Zm0-170-43-43 257-257 43 43-257 257Z
close	m249-207-42-42 231-231-231-231 42-42 231 231 231-231 42 42-231 231 231 231-42 42-231-231-231 231Z
cancel	m330-288 150-150 150 150 42-42-150-150 150-150-42-42-150 150-150-150-42 42 150 150-150 150 42 42ZM480-80q-82 0-155-31.5t-127.5-86Q143-252 111.5-325T80-480q0-83 31.5-156t86-127Q252-817 325-848.5T480-880q83 0 156 31.5T763-763q54 54 85.5 127T880-480q0 82-31.5 155T763-197.5q-54 54.5-127 86T480-80Zm0-60q142 0 241-99.5T820-480q0-142-99-241t-241-99q-141 0-240.5 99T140-480q0 141 99.5 240.5T480-140Zm0-340Z
remove	M200-450v-60h560v60H200Z
inbox	M180-120q-24 0-42-18t-18-42v-600q0-24 18-42t42-18h600q24 0 42 18t18 42v600q0 24-18 42t-42 18H180Zm0-60h600v-136H634q-26 40-67.5 61.5T480-233q-45 0-86.5-21.5T326-316H180v136Zm374-136.5q33-23.5 56-59.5h170v-404H180v404h170q23 36 56.25 59.5 33.24 23.5 74 23.5Q521-293 554-316.5ZM180-180h600-600Z
drafts	m480-920 371 222q17 9 23 24.5t6 30.5v463q0 24-18 42t-42 18H140q-24 0-42-18t-18-42v-463q0-15 6.5-30.5T109-698l371-222Zm0 466 336-197-336-202-336 202 336 197Zm0 67L140-587v407h680v-407L480-387Zm0 207h340-680 340Z
mark_email_read	M633-80 472-241l43-43 118 118 244-244 43 43L633-80ZM478-527l334-213H144l334 213Zm0 60L140-684v452h256l60 60H140q-24 0-42-18t-18-42v-508q0-24 18-42t42-18h677q24 0 42 18t18 42v244l-60 60v-248L478-467Zm1 9Zm-1-69Zm1 60Z
mail	M140-160q-24 0-42-18t-18-42v-520q0-24 18-42t42-18h680q24 0 42 18t18 42v520q0 24-18 42t-42 18H140Zm340-302L140-685v465h680v-465L480-462Zm0-60 336-218H145l335 218ZM140-685v-55 520-465Z
send	M120-160v-640l760 320-760 320Zm60-93 544-227-544-230v168l242 62-242 60v167Zm0 0v-457 457Z
mark_chat_read	M701-160 567-294l42-42 92 91 177-177 42 43-219 219ZM80-80v-740q0-24 18-42t42-18h680q24 0 42 18t18 42v310h-60v-310H140v600l74-80h276v60H240L80-80Zm60-220v-520 520Z
chat_bubble	M80-80v-740q0-24 18-42t42-18h680q24 0 42 18t18 42v520q0 24-18 42t-42 18H240L80-80Zm134-220h606v-520H140v600l74-80Zm-74 0v-520 520Z
forum	M880-81 721-240H300q-24.75 0-42.37-17.63Q240-275.25 240-300v-80h440q24.75 0 42.38-17.63Q740-415.25 740-440v-280h80q24.75 0 42.38 17.62Q880-684.75 880-660v579ZM140-425l75-75h405v-320H140v395ZM80-280v-540q0-24.75 17.63-42.38Q115.25-880 140-880h480q24.75 0 42.38 17.62Q680-844.75 680-820v320q0 24.75-17.62 42.37Q644.75-440 620-440H240L80-280Zm60-220v-320 320Z
sms	M334.5-534.5Q346-546 346-563t-11.5-28.5Q323-603 306-603t-28.5 11.5Q266-580 266-563t11.5 28.5Q289-523 306-523t28.5-11.5Zm177 0Q523-546 523-563t-11.5-28.5Q500-603 483-603t-28.5 11.5Q443-580 443-563t11.5 28.5Q466-523 483-523t28.5-11.5Zm170 0Q693-546 693-563t-11.5-28.5Q670-603 653-603t-28.5 11.5Q613-580 613-563t11.5 28.5Q636-523 653-523t28.5-11.5ZM80-80v-740q0-24 18-42t42-18h680q24 0 42 18t18 42v520q0 24-18 42t-42 18H240L80-80Zm134-220h606v-520H140v600l74-80Zm-74 0v-520 520Z
call	M795-120q-116 0-236.5-56T335-335Q232-438 176-558.5T120-795q0-19.29 12.86-32.14Q145.71-840 165-840h140q14 0 24 10t14 25l26.93 125.64Q372-665 369.5-653.5t-10.73 19.73L259-533q26 44 55 82t64 72q37 38 78 69.5t86 55.5l95-98q10-11 23.15-15 13.15-4 25.85-2l119 26q15 4 25 16.04 10 12.05 10 26.96v135q0 19.29-12.86 32.14Q814.29-120 795-120ZM229-588l81-82-23-110H180q2 42 13.5 88.5T229-588Zm369 363q41 19 89 31t93 14v-107l-103-21-79 83ZM229-588Zm369 363Z
public	M324-111.5Q251-143 197-197t-85.5-127Q80-397 80-480t31.5-156Q143-709 197-763t127-85.5Q397-880 480-880t156 31.5Q709-817 763-763t85.5 127Q880-563 880-480t-31.5 156Q817-251 763-197t-127 85.5Q563-80 480-80t-156-31.5ZM437-141v-82q-35 0-59-26t-24-61v-44L149-559q-5 20-7 39.5t-2 39.5q0 130 84.5 227T437-141Zm294-108q44-48 66.5-107.5T820-480q0-106-58-192.5T607-799v18q0 35-24 61t-59 26h-87v87q0 17-13.5 28T393-568h-83v88h258q17 0 28 13t11 30v127h43q29 0 51 17t30 44Z
language	M323-111.5Q250-143 196-197t-85-127.5Q80-398 80-482t31-156.5Q142-711 196-765t127-84.5Q396-880 480-880t157 30.5Q710-819 764-765t85 126.5Q880-566 880-482t-31 157.5Q818-251 764-197t-127 85.5Q564-80 480-80t-157-31.5ZM480-138q35-36 58.5-82.5T577-331H384q14 60 37.5 108t58.5 85Zm-85-12q-25-38-43-82t-30-99H172q38 71 88 111.5T395-150Zm171-1q72-23 129.5-69T788-331H639q-13 54-30.5 98T566-151ZM152-391h159q-3-27-3.5-48.5T307-482q0-25 1-44.5t4-43.5H152q-7 24-9.5 43t-2.5 45q0 26 2.5 46.5T152-391Zm221 0h215q4-31 5-50.5t1-40.5q0-20-1-38.5t-5-49.5H373q-4 31-5 49.5t-1 38.5q0 21 1 40.5t5 50.5Zm275 0h160q7-24 9.5-44.5T820-482q0-26-2.5-45t-9.5-43H649q3 35 4 53.5t1 34.5q0 22-1.5 41.5T648-391Zm-10-239h150q-33-69-90.5-115T565-810q25 37 42.5 80T638-630Zm-254 0h194q-11-53-37-102.5T480-820q-32 27-54 71t-42 119Zm-212 0h151q11-54 28-96.5t43-82.5q-75 19-131 64t-91 115Z
explore	m303-303 270-83 83-270-270 83-83 270Zm176.76-137q-16.76 0-28.26-11.74-11.5-11.73-11.5-28.5 0-16.76 11.74-28.26 11.73-11.5 28.5-11.5 16.76 0 28.26 11.74 11.5 11.73 11.5 28.5 0 16.76-11.74 28.26-11.73 11.5-28.5 11.5Zm.51 360q-82.74 0-155.5-31.5Q252-143 197.5-197.5t-86-127.34Q80-397.68 80-480.5t31.5-155.66Q143-709 197.5-763t127.34-85.5Q397.68-880 480.5-880t155.66 31.5Q709-817 763-763t85.5 127Q880-563 880-480.27q0 82.74-31.5 155.5Q817-252 763-197.68q-54 54.31-127 86Q563-80 480.27-80Zm.22-60Q622-140 721-239.49q99-99.48 99-241Q820-622 721-721t-240.51-99q-141.52 0-241 99Q140-622 140-480.49q0 141.52 99.49 241 99.48 99.49 241 99.49ZM480-480Z
map	m612-120-263-93-179 71q-17 9-33.5-1T120-173v-558q0-13 7.5-23t19.5-15l202-71 263 92 178-71q17-8 33.5 1.5T840-788v565q0 11-7.5 19T814-192l-202 72Zm-34-75v-505l-196-66v505l196 66Zm60 0 142-47v-512l-142 54v505Zm-458-12 142-54v-505l-142 47v512Zm458-493v505-505Zm-316-66v505-505Z
pin_drop	M480-276q109-83 164.5-169.5T700-600q0-97-61.5-158.5T480-820q-97 0-158.5 61.5T260-600q0 67 55.5 153.5T480-276Zm0 76Q338-303 269-406t-69-194q0-123 78.5-201.5T480-880q123 0 201.5 78.5T760-600q0 91-69 194T480-200Zm-1-320q34 0 57.5-23.5T560-600q0-33-23.5-56.5T479-680q-33 0-56 23.5T400-600q0 33 23 56.5t56 23.5ZM200-80v-60h560v60H200Zm280-520Z
home	M220-180h150v-250h220v250h150v-390L480-765 220-570v390Zm-60 60v-480l320-240 320 240v480H530v-250H430v250H160Zm320-353Z
house	M201-160v-392L76-457l-36-47 440-336 178 136v-96h100v172l162 124-37 47-125-96v393H530v-240H430v240H201Zm60-60h109v-240h220v240h108v-378L480-765 261-598v378Zm134-350h170q0-33-25.5-54.5T480-646q-34 0-59.5 21.34T395-570Zm-25 350v-240h220v240-240H370v240Z
cottage	M160-120v-401l-84 64-36-48 120-91v-114h60v68l260-198 440 336-36 47-84-64v401H160Zm60-60h230v-160h60v160h230v-387L480-765 220-567v387Zm-60-580q0-46 32.5-78t77.5-32q21.25 0 35.63-15Q320-900 320-920h60q0 45-32.08 77.5Q315.83-810 270-810q-20 0-35 14.37-15 14.38-15 35.63h-60Zm60 580h520-520Z
weekend	M152-692q0-45 31.5-76.5T260-800h440q45 0 76.5 31.5T808-692v83q48-5 80 21t32 75v245q0 45-31.5 76.5T812-160H148q-45 0-76.5-31.5T40-268v-245q0-49 32.5-75t79.5-21v-83Zm60 0v112q14 14 22 27.5t8 39.5v124h476v-124q0-26 8-39.5t22-27.5v-112q0-21-13.5-34.5T700-740H260q-21 0-34.5 13.5T212-692Zm566 363H182v-184q0-10-2.5-17.5t-8-13q-5.5-5.5-13-8t-17.1-2.5q-20.4 0-30.9 10.5T100-513v245.16q0 20.84 13.5 34.34Q127-220 148-220h664q21 0 34.5-13.5t13.5-34.34V-513q0-20-10.5-30.5T818.6-554q-9.6 0-17.1 2.5-7.5 2.5-12.68 8-5.17 5.5-8 13Q778-523 778-513v184Zm-298 0Zm0 109Zm0-169Z
bed	M80-200v-255q0-25 10-47t30-36v-116q0-45 30.5-75.5T226-760h180q22 0 41 10t33 27q14-17 32.5-27t40.5-10h180q45 0 76 30.5t31 75.5v116q20 14 30 36t10 47v255h-60v-80H140v80H80Zm430-355h270v-99q0-20-13.5-33T733-700H550q-17 0-28.5 14T510-654v99Zm-330 0h270v-99q0-18-11.5-32T410-700H226q-19 0-32.5 13.5T180-654v99Zm-40 215h680v-115q0-17-11.5-28.5T780-495H180q-17 0-28.5 11.5T140-455v115Zm680 0H140h680Z
fitness_center	m550-84-42-42 142-142-382-382-142 142-42-42 56-58-56-56 85-85-42-42 42-42 43 41 84-84 56 56 58-56 42 42-142 142 382 382 142-142 42 42-56 58 56 56-86 86 42 42-42 42-42-42-84 84-56-56-58 56Z
sports_soccer	M480-80q-82 0-155-31.5t-127.5-86Q143-252 111.5-325T80-480.5q0-82.5 31.5-155t86-127Q252-817 325-848.5T480-880q83 0 155.5 31.5t127 86q54.5 54.5 86 127t31.5 155q0 82.5-31.5 155.5t-86 127.5q-54.5 54.5-127 86T480-80Zm205-493 69-24 18-64q-34-53-84-90.5T575-809l-65 43v70l175 123Zm-409 0 174-123v-70l-64-43q-63 20-113 57.5T189-661l22 64 65 24Zm-54 320 60-7 39-65-62-191-71-24-48 39q0 72 16 131.5T222-253Zm312.5 108q27.5-5 57.5-13l33-72-32-55H368l-32 55 33 72q26 8 55 13t56 5q27 0 54.5-5ZM374-345h208l61-183-163-117-166 117 60 183Zm365 92q49-57 65-116.5T820-501l-48-33-70 18-62 191 38 65 61 7Z
sports_basketball	M141-510h137q-7-48-28-90.5T198-674q-23 35-39 76t-18 88Zm541 0h137q-2-47-18-88t-39-76q-34 34-53.5 75T682-510ZM198-287q34-34 53.5-74.5T278-450H141q2 47 18 87.5t39 75.5Zm564 0q23-35 39-75.5t18-87.5H682q7 48 26.5 88.5T762-287ZM339-510h111v-309q-62 7-115.5 32T238-720q41 41 67 95t34 115Zm171 0h111q8-61 34.5-115t67.5-95q-43-42-97-67t-116-32v309Zm-60 369v-309H339q-8 61-34 114.5T238-241q43 42 94 67.5T450-141Zm60 0q67-7 118.5-32.5T723-241q-41-41-67.5-94.5T621-450H510v309Zm-30-334Zm0 395q-83 0-156-31.5T197-197q-54-54-85.5-127T80-480q0-83 31.5-156T197-763q54-54 127-85.5T480-880q83 0 156 31.5T763-763q54 54 85.5 127T880-480q0 83-31.5 156T763-197q-54 54-127 85.5T480-80Z
surfing	M80-40v-60h40q32 0 61.5-10.5T240-149q29 28 58.5 38.5T360-100q31 0 62-11t58-38q29 28 58.5 38.5T600-100q31 0 62-11t58-38q27 27 58 38t62 11h40v60h-40q-29 0-59.5-8.5T720-80q-30 23-60.5 31.5T600-40q-29 0-59.5-8.5T480-80q-30 23-60.5 31.5T360-40q-29 0-59.5-8.5T240-80q-30 23-60.5 31.5T120-40H80Zm262-756 218 40q11 2 22.5 9.5T602-725l35 62q26 46 71.5 75T810-557v60q-72-3-132.5-42.5T580-642l-110 74 160 126v161q17 12 32 23.5t31 24.5q-20 16-43.5 26.5T600-196q-34 0-65-18t-55-47q-24 29-55 47t-65 18h-4.5q-2.5 0-4.5-1-103-72-162-131.5T130-429q0-25 21-33t43-8q29 0 69.5 10t91.5 28l-22-137q-4-23 2-42t23-30l106-71q-7-1-22-4t-32-6q-17-3-32-6.5t-22-4.5l-108 74-34-49 128-88Zm62 279 17 114q38 18 75.5 38.5T570-322v-80L404-517Zm276-237q-30 0-51.5-21.5T607-827q0-30 21.5-51.5T680-900q30 0 51.5 21.5T753-827q0 30-21.5 51.5T680-754Z
anchor	M349.5-104Q285-128 234-167t-82.5-88Q120-304 120-355v-100l135 101-58 58q31 58 106 103.5T450-142v-388H320v-60h130v-74q-38-14-59-42t-21-64q0-46 32.5-78t77.5-32q46 0 78 32t32 78q0 36-21 64t-59 42v74h130v60H510v388q72-5 147-50.5T763-296l-58-58 135-101v100q0 51-31.5 100T726-167q-51 39-115.5 63T480-80q-66 0-130.5-24ZM480-720q21 0 35.5-15t14.5-35q0-21-14.5-35.5T480-820q-20 0-35 14.5T430-770q0 20 15 35t35 15Z
sailing	m129-420 301-438v438H129Zm115-60h126v-187L244-480Zm270 60q19-60 27.5-120.5T550-670q0-66-8.5-128.5T514-918q47 19 101 66.5T716-737q47 67 79 148.5T830-420H514Zm75-60h175q-17-87-62.5-168T602-782q5 30 6.5 59t1.5 53q0 46-6.5 99T589-480ZM360-196q-34 0-65-18.5T240-261q-14 14-33.5 27.5T169-213q-29-18-54-53.5T82-340h796q-8 38-33 73.5T791-213q-18-7-37.5-20.5T720-261q-24 28-55 46.5T600-196q-34 0-65-18.5T480-261q-24 28-55 46.5T360-196ZM80-40v-60h40q32 0 61.5-10.5T240-149q29 28 59 38.5t61 10.5q32 0 61.5-10.5T480-149q29 28 59 38.5t61 10.5q32 0 61.5-10.5T720-149q29 28 58.5 38.5T840-100h40v60h-40q-29 0-59.5-8.5T720-80q-30 23-60.5 31.5T600-40q-29 0-59.5-8.5T480-80q-30 23-60.5 31.5T360-40q-29 0-59.5-8.5T240-80q-30 23-60.5 31.5T120-40H80Zm290-440Zm219 0Z
two_wheeler	M157-200q-65 0-111-45.5T0-357q0-66 45.5-111.5T156-514l-47-36H0v-50h181l99 60 159-60h140l-78-100h-89v-60h119l86 111 129-64v104h-98l85 110q17-7 34-10.5t35-3.5q66 0 112 45.5T960-356q0 66-46 111t-112 45q-65 0-110.5-45.5T646-356q0-30 10-57t30-49l-35-45-146 223H395l-81-73q0 66-45.5 111.5T157-200Zm0-60q41 0 69-28.5t28-68.5q0-40-28-68.5T157-454q-40 0-68.5 28T60-357q0 41 28.5 69t68.5 28Zm294-280-173 65 173-65h150-150Zm351 280q41 0 69.5-28t28.5-68q0-41-28.5-69.5T802-454q-40 0-68 28.5T706-356q0 40 28 68t68 28Zm-329-84 128-196H451l-173 65 139 131h56Z
directions_car	M200-204v54q0 12.75-8.62 21.37Q182.75-120 170-120h-20q-12.75 0-21.37-8.63Q120-137.25 120-150v-324l85-256q5-14 16.5-22t26.5-8h464q15 0 26.5 8t16.5 22l85 256v324q0 12.75-8.62 21.37Q822.75-120 810-120h-21q-13 0-21-8.63-8-8.62-8-21.37v-54H200Zm3-330h554l-55-166H258l-55 166Zm-23 60v210-210Zm105.76 160q23.24 0 38.74-15.75Q340-345.5 340-368q0-23.33-15.75-39.67Q308.5-424 286-424q-23.33 0-39.67 16.26Q230-391.47 230-368.24q0 23.24 16.26 38.74 16.27 15.5 39.5 15.5ZM675-314q23.33 0 39.67-15.75Q731-345.5 731-368q0-23.33-16.26-39.67Q698.47-424 675.24-424q-23.24 0-38.74 16.26-15.5 16.27-15.5 39.5 0 23.24 15.75 38.74Q652.5-314 675-314Zm-495 50h600v-210H180v210Z
train	M160-340v-380q0-41 19-71.5t58.5-50q39.5-19.5 100-29T480-880q86 0 146.5 9t99 28.5Q764-823 782-793t18 73v380q0 59-40.5 99.5T660-200l60 60v20h-70l-80-80H390l-80 80h-70v-20l60-60q-59 0-99.5-40.5T160-340Zm320-480q-120 0-173 15.5T231-760h501q-18-27-76.5-43.5T480-820ZM220-545h234v-155H220v155Zm440 60H220h520-80Zm-146-60h226v-155H514v155ZM374-331q16-16 16-39t-16-39q-16-16-39-16t-39 16q-16 16-16 39t16 39q16 16 39 16t39-16Zm290 0q16-16 16-39t-16-39q-16-16-39-16t-39 16q-16 16-16 39t16 39q16 16 39 16t39-16Zm-364 76h360q34 0 57-25t23-60v-145H220v145q0 35 23 60t57 25Zm180-505h252-501 249Z
hiking	m282-40 121-620q5-24 23-37t38-13q20 0 37.5 9t28.5 26l39 64q19 32 52.5 57t78.5 39v-75h40v550h-40v-414q-51-11-96-39t-80-69l-29 145 85 81v296h-60v-244l-100-95-74 339h-64Zm17-403-75-14q-10-2-17.5-13t-5.5-22l30-157q5-29 29-44.5t53-10.5l36 7-50 254Zm179.5-332.5Q457-797 457-827t21.5-51.5Q500-900 530-900t51.5 21.5Q603-857 603-827t-21.5 51.5Q560-754 530-754t-51.5-21.5Z
kayaking	M80-40v-60h40q31 0 61.5-10.5T240-149q28 28 58.5 38.5T360-100q30 0 61.5-11t58.5-38q29 28 59 38.5t61 10.5q30 0 61.5-11t58.5-38q27 27 58.5 38t61.5 11h40v60h-40q-29 0-59.5-8.5T720-80q-30 23-60.5 31.5T600-40q-29 0-59.5-8.5T480-80q-30 23-60.5 31.5T360-40q-29 0-59.5-8.5T240-80q-30 23-60.5 31.5T120-40H80Zm280-156q-33 0-65-18t-55-47q-13 14-31 27.5T174-209q-39-8-84.5-21.5T0-260q53-21 137.5-42T293-335l56-179q8-28 34-39t51 2l106 56 121-64 70-162-20-53 48-105 109 49-47 105-53 20-156 363q91 11 191 35t157 47q-44 16-89.5 29.5T786-209q-17-11-35-24.5T720-261q-23 29-55 47t-65 18q-33 0-65-18t-55-47q-23 29-55 47t-65 18Zm209-151 52-124-81 42-76-38-36 117h52q23 0 44.5.5T569-347ZM428.5-615.5Q407-637 407-667t21.5-51.5Q450-740 480-740t51.5 21.5Q553-697 553-667t-21.5 51.5Q510-594 480-594t-51.5-21.5Z
skateboarding	M272.5-7.5Q265-15 265-25t7.5-17.5Q280-50 290-50t17.5 7.5Q315-35 315-25t-7.5 17.5Q300 0 290 0t-17.5-7.5Zm340 0Q605-15 605-25t7.5-17.5Q620-50 630-50t17.5 7.5Q655-35 655-25t-7.5 17.5Q640 0 630 0t-17.5-7.5ZM270-90q-42 0-82.5-19T124-163q-2-3.33-3-6t-1-6q0-8 5.26-14 5.27-6 14.48-6 5.26 0 9.76 2t6.5 6q13 22 38.5 35.5T246-132l132-160-60-170q-5-15-2.5-27t10.5-26l110-175H318l-73 118-51-31 92-147h222q23.32 0 37.57 12.91Q559.82-724.19 565-713l21 48q21 48 64.5 80t99.5 35v60q-65-2-120-38t-91-93l-85 136 176 121v234h30q31.57 0 58.78-15Q746-160 764-187q3.33-4 7-6t9-2q8 0 14 5.91 6 5.92 6 13.8 0 3.29-1 6.06-1 2.77-3 6.23-23 35-58.5 54T660-90H270Zm53-40h247v-190L399-439l50 157-126 152Zm284.08-644q-30.08 0-51.58-21.42t-21.5-51.5q0-30.08 21.42-51.58t51.5-21.5q30.08 0 51.58 21.42t21.5 51.5q0 30.08-21.42 51.58t-51.5 21.5Z
bakery_dining	M805-261q27 14 45.5-9t4.5-48l-71-134-54 147 75 44Zm-212-42h70l97-242q6-14 4.5-27.5T748-593l-83-36q-14-7-28 0t-15 21l-29 305Zm-296 0h69l-28-305q-1-15-13.5-22t-29.5 1l-79 34q-13 5-14.5 22.5T205-541l92 238Zm-142 42 75-44-54-147-71 139q-14 28 6 45.5t44 6.5Zm271-42h107l33-364q2-14-7.5-23.5T535-700H425q-16 0-24 9.5t-7 23.5l32 364ZM133-200q-39 0-66-28t-27-67q0-12 4.5-23.5T54-341l92-179q-15-39-3-77.5t48-54.5l83-34q16-6 32.5-7t30.5 8q8-32 32-53.5t56-21.5h110q32 0 56 20t32 51q15-6 31-5t31 8l84 34q37 14 49.5 52t-4.5 74l92 184q4 11 9 21.5t5 21.5q0 42-30 70.5T818-200q-11 0-20.5-4.5T778-213l-61-30H242l-58 30q-12 5-24.5 9t-26.5 4Zm347-280Z
ramen_dining	M376-140h207v-56l36-15q74-31 121.5-80.5T808-400H152q20 59 68 109t120 80l36 15v56Zm-60 60v-78q-105-42-167-122T80-460h80v-340l720-80v50l-470 52v87h470v50H410v181h470q-6 100-69.5 180T643-158v78H316Zm-6-611h50v-82l-50 6v76Zm-100 0h50v-71l-50 6v65Zm100 231h50v-181h-50v181Zm-100 0h50v-181h-50v181Zm270 60Z
local_pizza	M480-80 80-685q86-72 188-113.5T480-840q110 0 212 41.5T880-685L480-80Zm0-107 321-484q-72-47-153.17-78-81.17-31-167.83-31-87.04 0-168.02 31T159-671l321 484Zm-71-394.06q16-16.06 16-39T408.94-659q-16.06-16-39-16T331-658.94q-16 16.06-16 39T331.06-581q16.06 16 39 16T409-581.06Zm110 215q16-16.06 16-39T518.94-444q-16.06-16-39-16T441-443.94q-16 16.06-16 39T441.06-366q16.06 16 39 16T519-366.06ZM483-187Z
emoji_food_beverage	M160-120v-60h640v60H160Zm151-140q-63 0-107-43.5T160-410v-430h660q24.75 0 42.38 17.62Q880-804.75 880-780v160q0 24.75-17.62 42.37Q844.75-560 820-560h-96v150q0 63-44 106.5T573-260H311Zm0-520h353-444 91Zm413 160h96v-160h-96v160ZM572.98-320q36.02 0 63.52-27.5T664-410v-370H397v33l71 58q1 1 9 18v150q0 9.6-7 16.8-7 7.2-18 7.2H301q-11 0-18-7.2t-7-16.8v-150q0-4 9-18l72-58v-33H220v370q0 35 28 62.5t63 27.5h261.98ZM357-780h40-40Z
hourglass_empty	M308-140h344v-127q0-72-50-121.5T480-438q-72 0-122 49.5T308-267v127Zm294-432q50-50 50-122v-126H308v126q0 72 50 122t122 50q72 0 122-50ZM160-80v-60h88v-127q0-71 40-129t106-84q-66-27-106-85t-40-129v-126h-88v-60h640v60h-88v126q0 71-40 129t-106 85q66 26 106 84t40 129v127h88v60H160Z
hourglass_top	M308-140h344v-127q0-72-50-121.5T480-438q-72 0-122 49.5T308-267v127ZM160-80v-60h88v-127q0-71 40-129t106-84q-66-27-106-85t-40-129v-126h-88v-60h640v60h-88v126q0 71-40 129t-106 85q66 26 106 84t40 129v127h88v60H160Z
schedule	m627-287 45-45-159-160v-201h-60v225l174 181ZM480-80q-82 0-155-31.5t-127.5-86Q143-252 111.5-325T80-480q0-82 31.5-155t86-127.5Q252-817 325-848.5T480-880q82 0 155 31.5t127.5 86Q817-708 848.5-635T880-480q0 82-31.5 155t-86 127.5Q708-143 635-111.5T480-80Zm0-400Zm0 340q140 0 240-100t100-240q0-140-100-240T480-820q-140 0-240 100T140-480q0 140 100 240t240 100Z
timer	M360-860v-60h240v60H360Zm90 447h60v-230h-60v230ZM340.5-109.5Q275-138 226-187t-77.5-114.5Q120-367 120-441t28.5-139.5Q177-646 226-695t114.5-77.5Q406-801 480-801q67 0 126 22.5T711-716l51-51 42 42-51 51q36 40 61.5 97T840-441q0 74-28.5 139.5T734-187q-49 49-114.5 77.5T480-81q-74 0-139.5-28.5Zm352-119Q780-316 780-441t-87.5-212.5Q605-741 480-741t-212.5 87.5Q180-566 180-441t87.5 212.5Q355-141 480-141t212.5-87.5ZM480-440Z
alarm	M339.5-110q-65.5-28-114-76.5t-77-114Q120-366 120-440.73q0-74.74 28.5-140Q177-646 225.5-695t114-77Q405-800 479-800t139.5 28Q684-744 733-695t77 114.27q28 65.26 28 140 0 74.73-28 140.23-28 65.5-77 114T618.5-110Q553-82 479-82t-139.5-28ZM479-439Zm121 161 42-42-130-130v-190h-60v214l148 148ZM214-867l42 42L92-667l-42-42 164-158Zm530 0 164 158-42 42-164-158 42-42ZM479.04-142Q604-142 691-229.04q87-87.05 87-212Q778-566 690.96-653q-87.05-87-212-87Q354-740 267-652.96q-87 87.05-87 212Q180-316 267.04-229q87.05 87 212 87Z
bedroom_baby	M482.5-219q83.5 0 162-32T780-340l-45-40q-9 9-23 19.5T685-343l-41-76v-103h48v-34H451l-77-132H247l35 25-69 73 34 35 69-48v184l-40 76q-13-7-27.5-17.5T225-380l-45 40q57 57 138 89t164.5 32Zm0-59q-40.5 0-82.5-8.5T316-318l46-76q31 12 60.18 18 29.17 6 57.82 6 29 0 58-6t60-18l46 76q-42 22-81.5 31t-80 9ZM140-80q-24 0-42-18t-18-42v-680q0-24 18-42t42-18h680q24 0 42 18t18 42v680q0 24-18 42t-42 18H140Zm0-60h680v-680H140v680Zm0 0v-680 680Z
